id,docente,autor_principal,ano,titulo,tipo_producao,revista_ou_veiculo,editora,cidade,isbn_issn,doi,url,indexacao,jif_jcr_2025,quartil_jcr_2025,pontuacao,observacoes
1,Ozeas de Lima Lins Filho,"Aguiar, José Lucas",2025,"Effects of acute exercise performed at different times of day on respiratory, blood pressure, and cardiac autonomic modulation outcomes in patients with obstructive sleep apnea: a randomized crossover trial. JOURNAL OF HUMAN HYPERTENSION, v. 1, p. 1-9, 2025",artigo,JOURNAL OF HUMAN HYPERTENSION,,,14765527,10.1038/s41371-025-01080-y,,Web of Science (JCR); Scopus (SJR),3.4,Q2,90,origem=planilha_revisada
2,Daniela Karina da Silva Ferreira,"ALMEIDA, J. R. V",2026,"D. A. ; SANTOS, E. N. N",artigo,SLEEP MEDICINE,,,13899457,10.1016/j.sleep.2026.108879,,Web of Science (JCR); Scopus (SJR),3.4,Q2,90,origem=planilha_nova | sincronizado_revisao
3,Paulo Felipe Ribeiro Bandeira,"BANDEIRA, PAULO FELIPE RIBEIRO",2024,"Are we assessing motor competence? Evidence-informed constructs for motor competence in preschoolers through an Exploratory Graph Analysis. JOURNAL OF SPORTS SCIENCES, v. 42, p. 1-8, 2024",artigo,JOURNAL OF SPORTS SCIENCES,,,02640414,10.1080/02640414.2025.2540202,,Web of Science (JCR); Scopus (SJR),2.5,Q2,90,origem=planilha_nova | sincronizado_revisao
4,Bruno Teixeira Barbosa,"BARBOSA, B. T",2025,"Mental fatigue and sleep restriction effects on perceptual-cognitive performance in trained beach volleyball athletes. Frontiers in Psychology, v. 16, p. 1-11, 2025",artigo,Frontiers in Psychology,,,,,,Scopus (SJR),,,90,origem=planilha_nova | sincronizado_revisao
5,Paulo Roberto Cavalcanti Carvalho,"CAVALCANTI, T. V. O",2025,"Leisure-Time Physical Activity Patterns and Predictors in Patients Before and After Metabolic and Bariatric Surgery: A Cross-sectional Study. OBESITY SURGERY, v. 35, p. 08088-w, 2025",artigo,OBESITY SURGERY,,,,,,Scopus (SJR),,,90,origem=planilha_nova | sincronizado_revisao
6,Melissa Leandro Celestino,"CELESTINO, MELISSA L",2021,"Effects of limited knee flexion movement in intra-limb gait coordination. JOURNAL OF BIOMECHANICS, v. 128, p. 110712, 2021",artigo,JOURNAL OF BIOMECHANICS,,,,,,Scopus (SJR),,,90,origem=planilha_nova | sincronizado_revisao
7,Leonardo Gomes de Oliveira Luz,"DA SILVA LIMA, BRAULIO PATRICK",2024,"Biocultural correlates of gross motor coordination in prepubescent children: A cross-sectional study. AMERICAN JOURNAL OF HUMAN BIOLOGY, v. 36, p. 1, 2024",artigo,AMERICAN JOURNAL OF HUMAN BIOLOGY,,,10420533,10.1002/ajhb.70024,,Web of Science (JCR); Scopus (SJR),1.7,Q1,90,origem=planilha_revisada
8,Ozeas de Lima Lins Filho,"DE ALMEIDA, JOSÉ RICARDO VIEIRA",2026,"Effects of resistance training on obstructive sleep apnea severity: a randomized controlled trial. SLEEP MEDICINE, v. 142, p. 1-7, 2026",artigo,SLEEP MEDICINE,,,13899457,10.1016/j.sleep.2026.108879,,Web of Science (JCR); Scopus (SJR),3.4,Q2,90,origem=planilha_revisada
9,Bruno Teixeira Barbosa,"FORTES, L. S",2021,"Virtual reality promotes greater improvements than video-stimulation screen on perceptual-cognitive skills in young soccer athletes. HUMAN MOVEMENT SCIENCE, v. 79, p. 102856, 2021",artigo,HUMAN MOVEMENT SCIENCE,,,,,,Scopus (SJR),,,90,origem=planilha_nova | sincronizado_revisao
10,Daniel da Rocha Queiroz,"LIMA, R. A",2021,"The importance of body weight status on motor competence development: From preschool to middle childhood. SCANDINAVIAN JOURNAL OF MEDICINE & SCIENCE IN SPORTS, v. 31, p. 15-22, 2021",artigo,SCANDINAVIAN JOURNAL OF MEDICINE & SCIENCE IN SPORTS,,,,,,Scopus (SJR),,,90,origem=planilha_nova | sincronizado_revisao
11,Ozeas de Lima Lins Filho,"LINS-FILHO, ODL",2021,"LINS-FILHO, ODL.; LYRA, M",capitulo,,,,,,,,,,45,origem=planilha_nova | sincronizado_revisao
12,Leonardo Gomes de Oliveira Luz,"NASCIMENTO, J. Y. V",2023,Fatores associados aos comportamentos ativo e sedentário em adolescentes brasileiros: uma análise de redes,artigo,REVISTA BRASILEIRA DE ATIVIDADE FÍSICA E SAÚDE,,,23171634,10.12820/rbafs.30e0411,,Scopus (SJR),,,90,origem=planilha_nova | sincronizado_revisao
13,Paulo Felipe Ribeiro Bandeira,P.F.R BANDEIRA,2025,"A Multilayer Network Model for Motor Competence from the View of the Science of Complexity. SPORTS MEDICINE, v. 2, p. 245-254, 2025",artigo,SPORTS MEDICINE,,,,,,Scopus (SJR),,,90,origem=planilha_nova | sincronizado_revisao
14,Lucas Eduardo Rodrigues dos Santos,"RODRIGUES SANTOS, LUCAS EDUARDO",2026,"Acute Effects of Binaural Beats on Interoception in Individuals WITH Symptoms of Depression. PSYCHOLOGICAL REPORTS, v. 130, p. 1-0, 2026",artigo,PSYCHOLOGICAL REPORTS,,,,,,Scopus (SJR),,,90,origem=planilha_nova | sincronizado_revisao
15,Guilherme Assunção Ferreira,"SALES, AMANDA J",2026,"Caffeine intake reverses the impairment of sleep restriction on high-intensity exercise performance. EUROPEAN JOURNAL OF APPLIED PHYSIOLOGY, v. 126, p. 269-284, 2026",artigo,EUROPEAN JOURNAL OF APPLIED PHYSIOLOGY,,,,,,Scopus (SJR),,,90,origem=planilha_nova | sincronizado_revisao
16,Lucas Eduardo Rodrigues dos Santos,"SANTOS, L. E. R",2023,"Entropy of Heart Rate on Self-Selected Interval Exercises in Older Women. INTERNATIONAL JOURNAL OF EXERCISE SCIENCE, v. 16, p. 525-537, 2023",artigo,INTERNATIONAL JOURNAL OF EXERCISE SCIENCE,,,,,,Scopus (SJR),,,90,origem=planilha_nova | sincronizado_revisao
17,Lucas Eduardo Rodrigues dos Santos,"SANTOS, LUCAS EDUARDO RODRIGUES",2021,"Effects of Self-Selected Passive Recovery Time in Interval Exercise on Perceptual and Heart Rate Responses in Older Women: A Promissory Approach. JOURNAL OF AGING AND PHYSICAL ACTIVITY, v. 00, p. 1-11, 2021",artigo,JOURNAL OF AGING AND PHYSICAL ACTIVITY,,,,,,Scopus (SJR),,,90,origem=planilha_nova | sincronizado_revisao
18,Lucas Eduardo Rodrigues dos Santos,"SANTOS, LUCAS EDUARDO RODRIGUES",2022,"Reliability of the Heartbeat Tracking Task to Assess Interoception. APPLIED PSYCHOPHYSIOLOGY AND BIOFEEDBACK, v. 47, p. 1-8, 2022",artigo,APPLIED PSYCHOPHYSIOLOGY AND BIOFEEDBACK,,,,,,,,,,origem=planilha_nova | sincronizado_revisao
19,Saulo Fernandes Melo de Oliveira,"SILVA, D. F",2026,Does mental fatigue influence the accuracy of paralympic boccia players?,artigo,Frontiers In Sports And Active Living,,,26249367,10.3389/fspor.2025.1724991,,Web of Science (JCR); Scopus (SJR),2.6,Q2,90,origem=planilha_revisada
20,Ozeas de Lima Lins Filho,"Aguiar, José Lucas",2026,"Are physical activity recommendations suitable for patients with obstructive sleep apnea? A systematic review with meta-analysis.. Sleep Science (Online), v. 19, p. 1-16, 2026",artigo,Sleep Science (Online),,,,,,,,,,origem=planilha_nova | sincronizado_revisao
21,Daniel da Rocha Queiroz,"AGUILAR, J. A",2026,Can Motor Competence be a Better Predictor than Physical Activity on Adiposity Indicators in Children? A Longitudinal Study,artigo,REVISTA BRASILEIRA DE ATIVIDADE FÍSICA E SAÚDE,,,23171634,10.12820/rbafs.30e0411,,Scopus (SJR),,,90,origem=planilha_revisada
22,Bruno Teixeira Barbosa,"ALBUQUERQUE, D. F",2021,"Efeito de um programa de treinamento funcional na melhoria das capacidades funcionais de idosos. REVISTA BRASILEIRA DE PRESCRIÇÃO E FISIOLOGIA DO EXERCÍCIO, v. 15, p. 769-776, 2021",artigo,REVISTA BRASILEIRA DE PRESCRIÇÃO E FISIOLOGIA DO EXERCÍCIO,,,,,,,,,,origem=planilha_nova | sincronizado_revisao
23,Saulo Fernandes Melo de Oliveira,"ALBUQUERQUE, F. L",2022,"A função tática causa interferência nas características morfológicas e metabólicas de futebolistas juniores brasileiros?. REVISTA BRASILEIRA DE FUTSAL E FUTEBOL, v. 14, p. 47-57, 2022",artigo,REVISTA BRASILEIRA DE FUTSAL E FUTEBOL,,,,,,,,,,origem=planilha_nova | sincronizado_revisao
24,Tony Meireles dos Santos,"ALBUQUERQUE, MAICON RODRIGUES",2023,"Do executive function performance, gaze behavior, and pupil size change during incremental acute physical exercise?. PSYCHOPHYSIOLOGY, v. 60, p. 1-14, 2023",artigo,PSYCHOPHYSIOLOGY,,,,,,Scopus (SJR),,,90,origem=planilha_nova | sincronizado_revisao
25,Paulo Felipe Ribeiro Bandeira,"ALENCAR, MICHELLY ARRUDA",2024,"INVESTIGANDO VIAS DE INTERVENÇÕES ENTRE COMPORTAMENTO DE MOVIMENTO 24 HORAS E FATORES SOCIODEMOGRÁFICOS: APLICAÇÃO DO ALGORITMO DIJKSTRA. Revista Interfaces: Saúde, Humanas e Tecnologia, v. 12, p. 1-10, 2024",artigo,"Revista Interfaces: Saúde, Humanas e Tecnologia",,,,,,,,,,origem=planilha_nova | sincronizado_revisao
26,Ozeas de Lima Lins Filho,"ALMEIDA, A. H",2026,Factors associated with sleep quality and duration in mothers of children with autism spectrum disorder: a cross-sectional study,artigo,EINSTEIN (SÃO PAULO),,,16794508,10.31744/einstein_journal/2025ao1089,,Scopus (SJR),,,90,origem=planilha_nova | sincronizado_revisao
27,Vilde Gomes de Menezes,"ALMEIDA, CARLOS HENRIQUE DANTAS CAVALCANTI DE",2025,"FATORES CONDICIONANTES DA POLÍTICA EDUCACIONAL NO CONTEXTO DO ESTADO BRASILEIRO. CONTEMPORÂNEA - REVISTA DE ÉTICA E FILOSOFIA POLÍTICA, v. 5, p. e8906, 2025",artigo,CONTEMPORÂNEA - REVISTA DE ÉTICA E FILOSOFIA POLÍTICA,,,24470961,10.56083/RCV5N8-088,,,,,,origem=planilha_revisada
28,Rafael dos Santos Henrique,"ALMEIDA, M. B",2021,"Plyometric training increases gross motor coordination and associated components of physical fitness in children. European Journal of Sport Science, v. 21, p. 1263-1272, 2021",artigo,European Journal of Sport Science,,,12631272,,,Scopus (SJR),,,90,origem=planilha_nova | sincronizado_revisao
29,Paulo Felipe Ribeiro Bandeira,"ALMEIDA, MAÍRA LOPES",2025,"Patterns in Children's Digital Media Use in Early Childhood and Family Factors: A Network Perspective. International Journal Of Systemic Therapy, v. 1, p. 1-30, 2025",artigo,International Journal Of Systemic Therapy,,,,,,Scopus (SJR),,,90,origem=planilha_nova | sincronizado_revisao
30,Daniel da Rocha Queiroz,"ALMEIDA, MARCELUS BRITO DE",2021,"Plyometric training increases gross motor coordination and associated components of physical fitness in children. European Journal of Sport Science, v. 21, p. 1263-1272, 2021",artigo,European Journal of Sport Science,,,12631272,,,Scopus (SJR),,,90,origem=planilha_nova | sincronizado_revisao
31,Paulo Roberto Cavalcanti Carvalho,"ALMEIDA, T. D. R",2023,"Evaluation of tenotomy in the hip subluxation treatment of children with zika syndrome. Acta Ortopédica Brasileira, v. 03, p. 1-4, 2023",artigo,Acta Ortopédica Brasileira,,,,,,Scopus (SJR),,,90,origem=planilha_nova | sincronizado_revisao
32,Paulo Felipe Ribeiro Bandeira,"ALVARENGA, M. A. S",2023,"Estudo Longitudinal sobre Saúde Mental de Estudantes Universitários e a Pandemia de COVID-19: Comparações e Perspectivas. Revista Interamericana de Psicología/Interamerican Journal of Psychology, v. 57, p. 1-24, 2023",artigo,Revista Interamericana de Psicología/Interamerican Journal of Psychology,,,,,,,,,,origem=planilha_nova | sincronizado_revisao
33,Paulo Felipe Ribeiro Bandeira,"ALVARENGA, MARCO ANTÔNIO SILVA",2024,"A Cross-Sectional Network Analysis Study Applied to the Depression Anxiety Stress Scale-21 (DASS-21): A New Factor Revealed. Mental Illness, v. 2024, p. 1-13, 2024",artigo,Mental Illness,,,,,,Scopus (SJR),,,90,origem=planilha_nova | sincronizado_revisao
34,Paulo Felipe Ribeiro Bandeira,"ALVARENGA, MARCO ANTÔNIO SILVA",2023,"Cross-cultural adaptation of the web-based executive functioning questionnaire for Brazilian sample (Webexec-BR). Applied Neuropsychology-Adult, v. 30, p. 1-11, 2023",artigo,Applied Neuropsychology-Adult,,,,,,Scopus (SJR),,,90,origem=planilha_nova | sincronizado_revisao
35,Guilherme Assunção Ferreira,"ALVARENGA, P. E. F",2022,"Ice Massage on the Calf Improves 4-km Running Time Trial Performance in a Normothermic Environment. RESEARCH QUARTERLY FOR EXERCISE AND SPORT, v. 94, p. 1126-1132, 2022",artigo,RESEARCH QUARTERLY FOR EXERCISE AND SPORT,,,02701367,10.1080/02701367.2025.2515968,,Web of Science (JCR); Scopus (SJR),1.6,Q3,90,origem=planilha_nova | sincronizado_revisao
36,Bruno Teixeira Barbosa,"ALVES FILHO, S. R",2022,"ALVES FILHO, S",capitulo,,,,,,,,,,45,origem=planilha_nova | sincronizado_revisao
37,Paulo Roberto Cavalcanti Carvalho,"ALVES, G. R",2021,"Promoção de atividades físicas para idosos em tempos de COVID-19 na atenção primária à saúde: relato de experiência. Health Residences Journal, v. 2, p. 196 - 209-209, 2021",artigo,Health Residences Journal,,,,,,,,,,origem=planilha_nova | sincronizado_revisao
38,Tony Meireles dos Santos,Anastácio WL (Org.),2026,"Anastácio WL (Org.) ; MEIRELES SANTOS, TONY (Org.)",livro,,,,,,,,,,90,origem=planilha_nova | sincronizado_revisao
39,Tony Meireles dos Santos,Anastácio WL,2026,Anastácio WL ; Bruno V,capitulo,,,,,,,,,,45,origem=planilha_nova | sincronizado_revisao
40,Tony Meireles dos Santos,Anastácio WL,2026,SUPERVISÃO E ESTRATÉGIAS DE ENGAJAMENTO,capitulo,,,,,,,,,,45,origem=planilha_nova | sincronizado_revisao
41,Tony Meireles dos Santos,Anastácio WL,2026,"Anastácio WL ; MEIRELES SANTOS, TONY",capitulo,,,,,,,,,,45,origem=planilha_nova | sincronizado_revisao
42,Tony Meireles dos Santos,Anastácio WL,2026,"Anastácio WL ; MEIRELES SANTOS, TONY",livro,,,,,,,,,,90,origem=planilha_nova | sincronizado_revisao
43,Lucas Eduardo Rodrigues dos Santos,"ANASTACIO, W. L. N",2026,Supervisão e estratégias de engajamento,capitulo,,,,,,,,,,45,origem=planilha_nova | sincronizado_revisao
44,Tony Meireles dos Santos,"ANASTÁCIO, WEYDYSON DE LIMA DO NASCIMENTO",2026,"Mechanism-based management of taxane-induced neuropathic pain in breast cancer survivors: a critical review. Frontiers In Pain Research, v. 7, p. 1, 2026",artigo,Frontiers In Pain Research,,,,,,Scopus (SJR),,,90,origem=planilha_nova | sincronizado_revisao
45,Paulo Roberto Cavalcanti Carvalho,"AQUINO, H. H. F",2025,"Correlação da aptidão física e micronutrientes em obesos pré cirurgia bariátrica. REVISTA FISIO&TERAPIA, v. 29, p. 1, 2025",artigo,REVISTA FISIO&TERAPIA,,,16780817,10.69849/revistaft/dt10202504282217,,,,,,origem=planilha_nova | sincronizado_revisao
46,Paulo Felipe Ribeiro Bandeira,"ARAUJO, A. G. R",2023,"Stigma and knowledge about autism in Brazil: A psychometric and intervention study. Autism, v. 1, p. 1-14, 2023",artigo,Autism,,,,,,Scopus (SJR),,,90,origem=planilha_nova | sincronizado_revisao
47,Clarice Maria de Lucena Martins,"ARAUJO, RAPHAEL H. O",2022,"Prevalence and sociodemographic correlates of physical activity and sitting time among South American adolescents: a harmonized analysis of nationally representative cross-sectional surveys. International Journal of Behavioral Nutrition and Physical Activity, v. 19, p. 8, 2022",artigo,International Journal of Behavioral Nutrition and Physical Activity,,,,,,Scopus (SJR),,,90,origem=planilha_nova | sincronizado_revisao
48,Clarice Maria de Lucena Martins,"ARAUJO, RAPHAEL H.O",2023,"Global prevalence and gender inequalities in at least 60 min of self-reported moderate-to-vigorous physical activity 1 or more days per week: An analysis with 707,616 adolescents. Journal of Sport and Health Science, v. 1, p. 1, 2023",artigo,Journal of Sport and Health Science,,,,,,Scopus (SJR),,,90,origem=planilha_nova | sincronizado_revisao
49,Clarice Maria de Lucena Martins,Árias Tellez,2021,"Higher Physical Activity Is Related to Lower Neck Adiposity in Young Men, but to Higher Neck Adiposity in Young Women. An Exploratory Study. INTERNATIONAL JOURNAL OF SPORT NUTRITION AND EXERCISE METABOLISM, v. 32, p. 250-258, 2021",artigo,INTERNATIONAL JOURNAL OF SPORT NUTRITION AND EXERCISE METABOLISM,,,,,,Scopus (SJR),,,90,origem=planilha_nova | sincronizado_revisao
50,Saulo Fernandes Melo de Oliveira,"ARRUDA, S. F",2025,"COSTA JUNIOR, E",capitulo,Atualizações em Ciências do Esporte e Exercício,,,9786554393133,,,,,,45,origem=planilha_nova | sincronizado_revisao
51,Saulo Fernandes Melo de Oliveira,"ARRUDA, S. F",2021,"Estado de humor e percepção da qualidade de vida de jogadores de bocha paralímpica durante a Pandemia da COVID-19. REVISTA BRASILEIRA DE MEDICINA DO ESPORTE (ONLINE), v. 28, p. 300-305, 2021",artigo,REVISTA BRASILEIRA DE MEDICINA DO ESPORTE (ONLINE),,,,,,,,,,origem=planilha_nova | sincronizado_revisao
52,Saulo Fernandes Melo de Oliveira,"ARRUDA, S. F",2022,"Mood States and Quality of Life in Paralympic Boccia Athetes in the COVID-19 Pandemic. REVISTA BRASILEIRA DE MEDICINA DO ESPORTE (ONLINE), v. 28, p. 300-305, 2022",artigo,REVISTA BRASILEIRA DE MEDICINA DO ESPORTE (ONLINE),,,,,,,,,,origem=planilha_nova | sincronizado_revisao
53,Saulo Fernandes Melo de Oliveira,"ARRUDA, S. F",2023,Can home-based training influence mood states and quality of life in Paralympic boccia athletes?,artigo,RETOS,,,19882041,10.47197/retos.v72.113173,,Web of Science (JCR); Scopus (SJR),1.6,Q2,90,origem=planilha_nova | sincronizado_revisao
54,André dos Santos Costa,"ARRUDA, S. F",2023,Can home-based training influence mood states and quality of life in Paralympic boccia athletes?,artigo,RETOS,,,19882041,10.47197/retos.v72.113173,,Web of Science (JCR); Scopus (SJR),1.6,Q2,90,origem=planilha_nova | sincronizado_revisao
55,Saulo Fernandes Melo de Oliveira,"ARRUDA, S. F",2023,"Bocha paralímpica en brasil: uso de estrategias de afrontamiento en el deporte durante la pandemia de Covid-19. Cuadernos de Psicología del Deporte, v. 23, p. 1-11, 2023",artigo,Cuadernos de Psicología del Deporte,,,,,,Scopus (SJR),,,90,origem=planilha_nova | sincronizado_revisao
56,Pedro Pinheiro Paes Neto,"ARRUDA, SIDCLEY FELIX",2023,"Can home-based training influence mood states and quality of life in Paralympic boccia athletes?. Retos-Nuevas Tendencias En Educacion Fisica Deporte Y Recreacion, v. 50, p. 943-949, 2023",artigo,Retos-Nuevas Tendencias En Educacion Fisica Deporte Y Recreacion,,,,,,,,,,origem=planilha_nova | sincronizado_revisao
57,Bruno Teixeira Barbosa,"ASSIS, H. M",2022,Correlação entre a força de preensão manual e os fatores da aptidão funcional em idosos,capitulo,,,,,,,,,,45,origem=planilha_nova | sincronizado_revisao
58,Saulo Fernandes Melo de Oliveira,"ASSUNCAO, A. K",2021,"Comparison between q angle measurements and their relationship with knee health in women practicing and not practicing futsal. JOURNAL OF PHYSICAL EDUCATION AND SPORT, v. 21, p. 1505-1509, 2021",artigo,JOURNAL OF PHYSICAL EDUCATION AND SPORT,,,2247806X,,,Scopus (SJR),,,90,origem=planilha_nova | sincronizado_revisao
59,Paulo Felipe Ribeiro Bandeira,"AVILA, F. M",2023,"Psicologia no Brasil: questões formativas, históricas, profissionais e sociais",capitulo,,,,,,,,,,45,origem=planilha_nova | sincronizado_revisao
60,Bruno Teixeira Barbosa,"AZEVEDO, A. L. U",2022,Efeito de 12 semanas de treinamento aquático na aptidão funcional de idosos,capitulo,,,,,,,,,,45,origem=planilha_nova | sincronizado_revisao
61,Melissa Leandro Celestino,"BACCA, ODAIR",2022,"Compensatory Strategies Due to Knee Flexion Constraint during Gait of Non-Disabled Adults. JOURNAL OF MOTOR BEHAVIOR, v. 54, p. 281-290, 2022",artigo,JOURNAL OF MOTOR BEHAVIOR,,,,,,Scopus (SJR),,,90,origem=planilha_nova | sincronizado_revisao
62,Melissa Leandro Celestino,"BACCA, ODAIR",2025,"Identification of stiff-knee gait in stroke survivors. BMC Biomedical Engineering, v. 7, p. 11, 2025",artigo,BMC Biomedical Engineering,,,,,,,,,,origem=planilha_nova | sincronizado_revisao
63,Saulo Fernandes Melo de Oliveira,"BANJA, TÚLIO",2023,"Effect of lower limb fatigue and performance prediction in CrossFit®. JOURNAL OF PHYSICAL EDUCATION AND SPORT, v. 33, p. 714-721, 2023",artigo,JOURNAL OF PHYSICAL EDUCATION AND SPORT,,,2247806X,,,Scopus (SJR),,,90,origem=planilha_nova | sincronizado_revisao
64,Bruno Teixeira Barbosa,"BARBOSA, B",2025,Sono em Foco: Educação sobre Sono para Profissionais de Saúde,livro,,,,,,,,,,90,origem=planilha_nova | sincronizado_revisao
65,Bruno Teixeira Barbosa,"BARBOSA, B. T",2025,"T.; PEREIRA, D",capitulo,,,,,,,,,,45,origem=planilha_nova | sincronizado_revisao
66,Rafael dos Santos Henrique,"BARBOSA, M. A. A",2022,Comparison of affective responses during school physical education classes with different recovery times,artigo,JOURNAL OF PHYSICAL EDUCATION (ONLINE),,,24482455,10.4025/jphyseduc.v36i1.3607,,Scopus (SJR),,,90,origem=planilha_nova | sincronizado_revisao
67,Lucas Eduardo Rodrigues dos Santos,"BARBOSA, M. A. A",2022,COMPARISON OF AFFECTIVE RESPONSES DURING SCHOOL PHYSICAL EDUCATION CLASSES WITH DIFFERENT RECOVERY TIMES,artigo,JOURNAL OF PHYSICAL EDUCATION (ONLINE),,,24482455,10.4025/jphyseduc.v36i1.3607,,Scopus (SJR),,,90,origem=planilha_nova | sincronizado_revisao
68,Tony Meireles dos Santos,"BARBOSA, MAA",2022,COMPARISON OF AFFECTIVE RESPONSES DURING SCHOOL PHYSICAL EDUCATION CLASSES WITH DIFFERENT RECOVERY TIMES,artigo,JOURNAL OF PHYSICAL EDUCATION (ONLINE),,,24482455,10.4025/jphyseduc.v36i1.3607,,Scopus (SJR),,,90,origem=planilha_revisada
69,Melissa Leandro Celestino,"Barela, A. M. F",2023,"Use of force plates to investigate human motor performance. Brazilian Journal of Motor Behavior, v. 17, p. 175-181, 2023",artigo,Brazilian Journal of Motor Behavior,,,,,,Scopus (SJR),,,90,origem=planilha_nova | sincronizado_revisao
70,Melissa Leandro Celestino,"Barela, A. M. F",2021,"Gait alterations induced by unloaded body weight in individuals with stroke while walking on moveable and fixed surfaces. MEDICAL ENGINEERING & PHYSICS, v. 95, p. 9-14, 2021",artigo,MEDICAL ENGINEERING & PHYSICS,,,,,,Scopus (SJR),,,90,origem=planilha_nova | sincronizado_revisao
71,Melissa Leandro Celestino,"BARELA, ANA M. F",2025,"INFOGRAPHIC: exploring gait coordination using the vector coding technique. Brazilian Journal of Motor Behavior, v. 18, p. e456, 2025",artigo,Brazilian Journal of Motor Behavior,,,,,,Scopus (SJR),,,90,origem=planilha_nova | sincronizado_revisao
72,Tony Meireles dos Santos,"BARRETO, C. B",2021,"Proof-of-Concept and Test-Retest Reliability Study of Psychological and Physiological Variables of the Mental Fatigue Paradigm. International Journal of Environmental Research and Public Health, v. 18, p. 9532, 2021",artigo,International Journal of Environmental Research and Public Health,,,16604601,10.3390/ijerph23020221,,Web of Science (JCR); Scopus (SJR),,,90,origem=planilha_nova | sincronizado_revisao
73,Paulo Roberto Cavalcanti Carvalho,"Barros, G. W. P",2024,"Treinamento de força e resistência em citocinas e composição corporal de pessoas com HIV/AIDS. REVISTA BRASILEIRA DE MEDICINA DO ESPORTE (ONLINE), v. 30, p. 1-6, 2024",artigo,REVISTA BRASILEIRA DE MEDICINA DO ESPORTE (ONLINE),,,,,,,,,,origem=planilha_nova | sincronizado_revisao
74,Paulo Roberto Cavalcanti Carvalho,"Barros, G. W. P",2021,Nível de atividade física e qualidade de vida de idosos participantes e não participantes de grupos em uma USF em Recife,capitulo,,,,,,,,,,45,origem=planilha_nova | sincronizado_revisao
75,Rafael dos Santos Henrique,"BARROS, T. A. R",2025,"Anaerobic speed or power reserve as a key determinant of repeatability in high-intensity efforts. JOURNAL OF APPLIED PHYSIOLOGY, v. 139, p. 1722-1723, 2025",artigo,JOURNAL OF APPLIED PHYSIOLOGY,,,87507587,10.1152/japplphysiol.00700.2025,,Web of Science (JCR); Scopus (SJR),3.3,Q1,90,origem=planilha_revisada
76,Rafael dos Santos Henrique,"BARROS, T. A. R",2026,"Age-related differences in angle-specific change-of-direction performance in basketball: a network analysisAltersabhängige Unterschiede bei der Leistung in Bezug auf die winkelspezifische Richtungsänderung im Basketball: eine Netzwerkanalyse. German Journal Of Exercise And Sport Research, p. 1, 2026",artigo,,,,,,,,,,,origem=planilha_nova | sincronizado_revisao
77,Rafael dos Santos Henrique,"BARROS, T. A. R",2025,"Is curve sprint performance in soccer related to other speed and power abilities across age categories?. SPORT SCIENCES FOR HEALTH (TESTO STAMPATO), p. 1-10, 2025",artigo,,,,,,,,,,,origem=planilha_nova | sincronizado_revisao
78,Guilherme Assunção Ferreira,"BARROS, T. A. R",2025,"Anaerobic speed or power reserve as a key determinant of repeatability in high-intensity efforts. JOURNAL OF APPLIED PHYSIOLOGY, v. 139, p. 1722-1723, 2025",artigo,JOURNAL OF APPLIED PHYSIOLOGY,,,87507587,10.1152/japplphysiol.00700.2025,,Web of Science (JCR); Scopus (SJR),3.3,Q1,90,origem=planilha_nova | sincronizado_revisao
79,Clarice Maria de Lucena Martins,"BATISTA-LEMES, V",2021,"Physical fitness plays a crucial mediator role in the relationship among personal, social, and lifestyle factors and children?s cognitive performance in a structural equation model. The Cogni-Action project. Frontiers in Pediatrics, v. 9, p. 1-12, 2021",artigo,Frontiers in Pediatrics,,,,,,Scopus (SJR),,,90,origem=planilha_nova | sincronizado_revisao
80,Eduardo Zapaterra Campos,"BEJDER, JACOB",2025,"Time-course of muscle fatigue development during intense exercise in hypoxia and normoxia. Scientific Reports, v. 15, p. 14065, 2025",artigo,Scientific Reports,,,20452322,10.1038/s41598-025-98762-x,,Web of Science (JCR); Scopus (SJR),3.9,Q1,90,origem=planilha_revisada
81,Paulo Felipe Ribeiro Bandeira,"BERTOLDI, R",2022,"Psychometric Evidence of the Coping Inventory for Brazilian Paralympic Athletes in Competition Situations. PAIDÉIA (USP. ONLINE), v. 32, p. 1-8, 2022",artigo,ONLINE),,,,,,,,,,origem=planilha_nova | sincronizado_revisao
82,Paulo Felipe Ribeiro Bandeira,"BERTOLDI, RAFAELA",2021,"Construction and Content Validity Evidences of Coping Inventory for Brazilian Paralympic Athletes in Competition Situations. International Journal of Disability Development and Education, v. 68, p. 1-14, 2021",artigo,International Journal of Disability Development and Education,,,,,,Scopus (SJR),,,90,origem=planilha_nova | sincronizado_revisao
83,Ozeas de Lima Lins Filho,"BEZERRA, A. B",2025,"Minimal changes in sleep parameters during overnight ambulatory blood pressure monitoring do not affect outcomes. Sleep and Breathing, v. 29, p. 00-6, 2025",artigo,Sleep and Breathing,,,15209512,10.1007/s11325-024-03181-3,,Web of Science (JCR); Scopus (SJR),2.0,Q3,90,origem=planilha_revisada
84,Paulo Felipe Ribeiro Bandeira,"BEZERRA, M. A. A",2023,"PERCEIVED BARRIERS TO THE PRACTICE OF PHYSICAL ACTIVITY BY SCHOOL TEENAGERS: A NETWORK ANALYSIS. Revista Interfaces: Saúde, Humanas e Tecnologia, v. 11, p. 1798-1807, 2023",artigo,"Revista Interfaces: Saúde, Humanas e Tecnologia",,,17981807,,,,,,,origem=planilha_nova | sincronizado_revisao
85,Clarice Maria de Lucena Martins,"BEZERRA, T",2021,"A Network Perspective on the Relationship Between Moderate to Vigorous Physical Activity and Fundamental Motor Skills in Early Childhood. Journal of Physical Activity & Health, p. 1-8, 2021",artigo,,,,,,,,,,,origem=planilha_nova | sincronizado_revisao
86,Clarice Maria de Lucena Martins,"BEZERRA, T",2022,"Effects of a multicomponent intervention on cardiovascular risk factors in overweight children: a randomized clinical trial in light of complex systems. INTERNATIONAL JOURNAL OF ENVIRONMENTAL HEALTH RESEARCH, v. 14, p. 1-11, 2022",artigo,INTERNATIONAL JOURNAL OF ENVIRONMENTAL HEALTH RESEARCH,,,,,,Scopus (SJR),,,90,origem=planilha_nova | sincronizado_revisao
87,Clarice Maria de Lucena Martins,"BEZERRA, THAYNÃ",2022,"Biological, behavioral, and social correlates of executive function in low-income preschoolers: Insights from the perspective of the networks. Applied Neuropsychology-Child, v. 10, p. 1-9, 2022",artigo,Applied Neuropsychology-Child,,,,,,Scopus (SJR),,,90,origem=planilha_nova | sincronizado_revisao
88,Paulo Felipe Ribeiro Bandeira,"BEZERRA, THAYNÃ",2024,"Are there associations between sedentary time inside and outside preschools with preschoolers? executive function?. CHILD NEUROPSYCHOLOGY, v. 31, p. 1-12, 2024",artigo,CHILD NEUROPSYCHOLOGY,,,,,,Scopus (SJR),,,90,origem=planilha_nova | sincronizado_revisao
89,Paulo Felipe Ribeiro Bandeira,"BEZERRA, THAYNÃ",2023,"Physical Activity, Sedentary Behaviour and Cardiovascular Risk Factors in Overweight Low-Income Schoolchildren: A Complex System Perspective. Obesities, v. 3, p. 86-96, 2023",artigo,Obesities,,,,,,Scopus (SJR),,,90,origem=planilha_nova | sincronizado_revisao
90,Paulo Felipe Ribeiro Bandeira,"BEZERRA, THAYNÃ ALVES",2022,"Biological, behavioral, and social correlates of executive function in low-income preschoolers: Insights from the perspective of the networks. APPLIED NEUROPSYCHOLOGY: CHILD, v. 11, p. 1-9, 2022",artigo,APPLIED NEUROPSYCHOLOGY: CHILD,,,,,,Scopus (SJR),,,90,origem=planilha_nova | sincronizado_revisao
91,Paulo Felipe Ribeiro Bandeira,"BEZERRA, THAYNÃ ALVES",2022,"Effects of a multicomponent intervention on cardiovascular risk factors in overweight children: a randomized clinical trial in light of complex systems. INTERNATIONAL JOURNAL OF ENVIRONMENTAL HEALTH RESEARCH, v. 33, p. 1-11, 2022",artigo,INTERNATIONAL JOURNAL OF ENVIRONMENTAL HEALTH RESEARCH,,,,,,Scopus (SJR),,,90,origem=planilha_nova | sincronizado_revisao
92,Paulo Felipe Ribeiro Bandeira,"BEZERRA, THAYNÃ ALVES",2021,"A Network Perspective on the Relationship Between Moderate to Vigorous Physical Activity and Fundamental Motor Skills in Early Childhood. Journal of Physical Activity & Health, v. 18, p. 1-8, 2021",artigo,Journal of Physical Activity & Health,,,,,,Scopus (SJR),,,90,origem=planilha_nova | sincronizado_revisao
93,Rafael dos Santos Henrique,"BEZERRA-SANTOS, D",2023,Gross motor coordination in schoolboys of pubertal age contrasting in futsal practice level groups,artigo,RETOS,,,19882041,10.47197/retos.v72.113173,,Web of Science (JCR); Scopus (SJR),1.6,Q2,90,origem=planilha_nova | sincronizado_revisao
94,Clarice Maria de Lucena Martins,"BOHN, LUCIMERE",2023,"Behavioral, Sociodemographic, and Sleep Correlates of Symptoms ofDepression amongst Older Brazilian Females According to Age: A Cross-Sectional Network Analysis. Current Aging Science, v. 16, p. 143-152, 2023",artigo,Current Aging Science,,,,,,Scopus (SJR),,,90,origem=planilha_nova | sincronizado_revisao
95,Paulo Felipe Ribeiro Bandeira,"BORFE, LETICIA",2024,"WEB OF TRANSFORMATIONS: impact of multicomponent intervention on the relationship between sociodemographic indicators, changes in body composition, cardiorespiratory fitness and biochemical markers in adolescents with overweight and obesity. INTERNATIONAL JOURNAL OF ENVIRONMENTAL HEALTH RESEARCH, v. 34, p. 1-10, 2024",artigo,INTERNATIONAL JOURNAL OF ENVIRONMENTAL HEALTH RESEARCH,,,,,,Scopus (SJR),,,90,origem=planilha_nova | sincronizado_revisao
96,Lucas Eduardo Rodrigues dos Santos,"BRIETZKE, CAYQUE",2021,"Proof-of-Concept and Test-Retest Reliability Study of Psychological and Physiological Variables of the Mental Fatigue Paradigm. International Journal of Environmental Research and Public Health, v. 18, p. 9532, 2021",artigo,International Journal of Environmental Research and Public Health,,,16604601,10.3390/ijerph23020221,,Web of Science (JCR); Scopus (SJR),,,90,origem=planilha_nova | sincronizado_revisao
97,Tony Meireles dos Santos,"BRIETZKE, CAYQUE",2024,"Carbohydrate mouth rinse improves performance of mentally fatigued cyclists despite null effects on psychological responses. PHYSIOLOGY & BEHAVIOR, v. 274, p. 114428-114428, 2024",artigo,PHYSIOLOGY & BEHAVIOR,,,,,,Scopus (SJR),,,90,origem=planilha_nova | sincronizado_revisao
98,Saulo Fernandes Melo de Oliveira,"CABRA, L. A",2023,"Muscle Activation During the Squat Performed in Different Ranges of Motion by Women. Muscles, v. 2, p. 12-22, 2023",artigo,Muscles,,,,,,Scopus (SJR),,,90,origem=planilha_nova | sincronizado_revisao
99,Paulo Felipe Ribeiro Bandeira,"CALIXTO, M. N",2025,"CLIMA DE MOTIVAÇÃO PARA MAESTRIA EM UMA INTERVENÇÃO MOTORA PRÉ-ESCOLAR: UM RELATO DE EXPERIÊNCIA SOBRE AS IMPLICAÇÕES DESSA ABORDAGEM METODOLÓGICA. Revista de Extensão da Urca, v. 1, p. 1-9, 2025",artigo,Revista de Extensão da Urca,,,,,,,,,,origem=planilha_nova | sincronizado_revisao
100,Eduardo Zapaterra Campos,"CAMAROTTI JUNIOR, F",2024,"Evaluation of the effects of acute taurine supplementation on aerobic physical performance in active young adults. JOURNAL OF PHYSICAL EDUCATION AND SPORT, v. 24, p. 1177-1185, 2024",artigo,JOURNAL OF PHYSICAL EDUCATION AND SPORT,,,2247806X,,,Scopus (SJR),,,90,origem=planilha_nova | sincronizado_revisao
101,Pedro Pinheiro Paes Neto,"CAMAROTTI JUNIOR, F",2024,"Evaluation of the effects of acute taurine supplementation on aerobic physical performance in active young adults. JOURNAL OF PHYSICAL EDUCATION AND SPORT, v. 24, p. 1177-1185, 2024",artigo,JOURNAL OF PHYSICAL EDUCATION AND SPORT,,,2247806X,,,Scopus (SJR),,,90,origem=planilha_nova | sincronizado_revisao
102,Pedro Pinheiro Paes Neto,"CAMAROTTI JUNIOR, F",2025,"CAMAROTTI JUNIOR, F",capitulo,Ejercicio salud y sociedad: una mirada mutidisciplinar,,,9791370062781,,,,,,45,origem=planilha_nova | sincronizado_revisao
103,Eduardo Zapaterra Campos,"CAMPOS, E.Z",2022,Anaerobic Contribution Determined in Free-Swimming: Sensitivity to Maturation Stages and Validity,artigo,Frontiers In Sports And Active Living,,,26249367,10.3389/fspor.2025.1724991,,Web of Science (JCR); Scopus (SJR),2.6,Q2,90,origem=planilha_nova | sincronizado_revisao
104,Daniel da Rocha Queiroz,"CARDOSO, D. S",2025,"Latent class analysis between physical activity, screen time and sleep: Association with obesity in youth. JOURNAL OF PHYSICAL EDUCATION AND SPORT, v. 25, p. 884-893, 2025",artigo,JOURNAL OF PHYSICAL EDUCATION AND SPORT,,,2247806X,,,Scopus (SJR),,,90,origem=planilha_nova | sincronizado_revisao
105,Daniel da Rocha Queiroz,"CARDOSO, D. S",2025,"Association of physical activity, screen time, and sleep recommendations with excess weight in adolescents",artigo,RETOS,,,19882041,10.47197/retos.v72.113173,,Web of Science (JCR); Scopus (SJR),1.6,Q2,90,origem=planilha_revisada
106,Paulo Felipe Ribeiro Bandeira,"CARNEIRO, MARIA LARYSSA BARROS",2025,"RELAÇÕES ENTRE PRÁTICA DE ATIVIDADE FÍSICA NA INFÂNCIA/ADOLESCÊNCIA COM A COMPETÊNCIA FÍSICA PERCEBIDA E NÍVEL DE ATIVIDADE FÍSICA NA VIDA ADULTA: UMA ANÁLISE DE REDES. Revista Interfaces: Saúde, Humanas e Tecnologia, v. 13, p. 6050-6061, 2025",artigo,"Revista Interfaces: Saúde, Humanas e Tecnologia",,,60506061,,,,,,,origem=planilha_nova | sincronizado_revisao
107,Daniela Karina da Silva Ferreira,"CARVALHO, I. C",2021,"Exercí­cios Fí­sicos para Mulheres com Varizes: Treinar condicionamento geral ou membros inferiores?. EDUCACIÓN FÍSICA Y CIENCIA, v. 23, p. 190, 2021",artigo,EDUCACIÓN FÍSICA Y CIENCIA,,,,,,,,,,origem=planilha_nova | sincronizado_revisao
108,Daniela Karina da Silva Ferreira,"CARVALHO, ÍCARO DO CARMO",2022,"Aplicabilidade do teste do degrau na avaliação da aptidão física de mulheres com sintomas de doença venosa crônica: estudo transversal. JORNAL VASCULAR BRASILEIRO (IMPRESSO), v. 21, p. 1-6, 2022",artigo,JORNAL VASCULAR BRASILEIRO (IMPRESSO),,,,,,,,,,origem=planilha_nova | sincronizado_revisao
109,Saulo Fernandes Melo de Oliveira,"CARVALHO, IGOR",2025,"The association between gaze behavior and parabadminton serves accuracy. International Journal of Sports Science & Coaching, v. 9, p. 1, 2025",artigo,International Journal of Sports Science & Coaching,,,17479541,10.1177/17479541251394001,,Web of Science (JCR); Scopus (SJR),2.1,Q2,90,origem=planilha_nova | sincronizado_revisao
110,Pedro Pinheiro Paes Neto,"CAVALCANTE FÉLIX, MARIA EDUARDA",2024,"Effects of physical activity on levels of anxiety, depression, and stress during the social isolation caused by COVID-19. Scientific Journal of Sport and Performance, v. 3, p. 261-269, 2024",artigo,Scientific Journal of Sport and Performance,,,,,,,,,,origem=planilha_nova | sincronizado_revisao
111,Paulo Roberto Cavalcanti Carvalho,"CAVALCANTI, T. V. O",2022,Acute efects of diferent intensites resistance traning on inflammatory markers of women with severe obesity,artigo,JOURNAL OF PHYSICAL EDUCATION (ONLINE),,,24482455,10.4025/jphyseduc.v36i1.3607,,Scopus (SJR),,,90,origem=planilha_nova | sincronizado_revisao
112,Paulo Roberto Cavalcanti Carvalho,"CAVALCANTI, T. V. O",2023,"Impact of short-term circuit resistance training on women with severe obesity awaiting bariatric surgery : A non-randomized controlled trial. JOURNAL OF PHYSICAL EDUCATION AND SPORT, v. 23, p. 2993-3002, 2023",artigo,JOURNAL OF PHYSICAL EDUCATION AND SPORT,,,2247806X,,,Scopus (SJR),,,90,origem=planilha_nova | sincronizado_revisao
113,Paulo Roberto Cavalcanti Carvalho,"CAVALCANTI, T. V. O",2023,"Prevalence of perceived barriers to physical activity among Pre- and Post-metabolic and Bariatric Surgery patients: A cross-sectional. OBESITY SURGERY, v. 33, p. 1-9, 2023",artigo,OBESITY SURGERY,,,,,,Scopus (SJR),,,90,origem=planilha_nova | sincronizado_revisao
114,Paulo Roberto Cavalcanti Carvalho,"CAVALCANTI, T. V. O",2021,"Nível de atividade física, sintomas depressivos e qualidade de vida de pessoas vivendo com HIV/AIDS durante a COVID-19-19. Revista Brasileira de Qualidade de Vida (RBQV), v. 13, p. 01-22, 2021",artigo,Revista Brasileira de Qualidade de Vida (RBQV),,,,,,,,,,origem=planilha_nova | sincronizado_revisao
115,Vilde Gomes de Menezes,"CAVALCANTI, THAURUS VINÍCIUS DE OLIVEIRA",2025,"Produção científica no campo das políticas públicas de esporte e lazer no Brasil entre 2003 e 2023. OBSERVATORIO DE LA ECONOMÍA LATINOAMERICANA, v. 23, p. e8932, 2025",artigo,OBSERVATORIO DE LA ECONOMÍA LATINOAMERICANA,,,16968352,10.55905/oelv23n4-058,,,,,,origem=planilha_revisada
116,Tony Meireles dos Santos,"CÉSAR VASCONCELOS, GUSTAVO",2023,"Acute effect of intensity and volume during strength training on sensation of pleasure, rating of perceived exertion, and pain in trained men. Human Movement, v. 1, p. 1, 2023",artigo,Human Movement,,,,,,Scopus (SJR),,,90,origem=planilha_nova | sincronizado_revisao
117,Rafael dos Santos Henrique,"CHALEGRE DA SILVA, LUCAS",2025,"Neural and Muscular Determinants of Performance Fatigability Are Independent of Work and Recovery Durations During High-Intensity Interval Exercise in Males. RESEARCH QUARTERLY FOR EXERCISE AND SPORT, v. 96, p. 338-348, 2025",artigo,RESEARCH QUARTERLY FOR EXERCISE AND SPORT,,,02701367,10.1080/02701367.2025.2515968,,Web of Science (JCR); Scopus (SJR),1.6,Q3,90,origem=planilha_nova | sincronizado_revisao
118,Lucas Eduardo Rodrigues dos Santos,"CHAVES, S",2023,"A importância do desenvolvimento do senso de comunidade e cooperação entre startups, empresas, clubes esportivos e universidades brasileiras",capitulo,,,,,,,,,,45,origem=planilha_nova | sincronizado_revisao
119,Tony Meireles dos Santos,"CHAVES, S",2023,"SANTOS, TONY M",capitulo,,,,,,,,,,45,origem=planilha_nova | sincronizado_revisao
120,Rafael dos Santos Henrique,"CHAVES, S",2023,"A importância do desenvolvimento do senso de comunidade e cooperação entre startups, empresas, clubes esportivos e universidades brasileiras",capitulo,,,,,,,,,,45,origem=planilha_nova | sincronizado_revisao
121,Paulo Felipe Ribeiro Bandeira,"CLEMENTE, M. P",2025,"Autism Spectrum Disorder and Assistive Technologies in Primary Care: An Integrative Review. Saúde Coletiva, v. 16, p. 1-7, 2025",artigo,Saúde Coletiva,,,,,,,,,,origem=planilha_nova | sincronizado_revisao
122,Ozeas de Lima Lins Filho,"CLIMACO, D. C. S",2022,"Sleep quality in COPD patients: correlation with disease severity and health status. Jornal Brasileiro de Pneumologia (Online), v. 48, p. 1-6, 2022",artigo,Jornal Brasileiro de Pneumologia (Online),,,,,,,,,,origem=planilha_nova | sincronizado_revisao
123,Rafael dos Santos Henrique,"CORREIA JUNIOR, M. G. A",2024,Built environment and physical activity of adolescents: an approach with artificial neural networks,artigo,REVISTA BRASILEIRA DE ATIVIDADE FÍSICA E SAÚDE,,,23171634,10.12820/rbafs.30e0411,,Scopus (SJR),,,90,origem=planilha_nova | sincronizado_revisao
124,André dos Santos Costa,"COSTA, A",2023,Pense e Brinque APP,capitulo,,,,,,,,,,45,origem=planilha_nova | sincronizado_revisao
125,Paulo Felipe Ribeiro Bandeira,"COSTA, CICERO L. A",2025,"Relationships among motor competence, self-perceived competence and aggressive behavior differ between boys and girls aged 7 to 10: a network perspective. Brazilian Journal of Motor Behavior, v. 19, p. e530-9, 2025",artigo,Brazilian Journal of Motor Behavior,,,,,,Scopus (SJR),,,90,origem=planilha_nova | sincronizado_revisao
126,Vilde Gomes de Menezes,"COSTA, M. A. N",2023,"MENEZES, VILDE GOMES DE ; KOHL, H",capitulo,,,,,,,,,,45,origem=planilha_nova | sincronizado_revisao
127,Pedro Pinheiro Paes Neto,"COSTA, M. S. F",2023,"Relationship between sleep quality and recovery levels in young swimmers. JOURNAL OF PHYSICAL EDUCATION AND SPORT, v. 23, p. 3054-3080, 2023",artigo,JOURNAL OF PHYSICAL EDUCATION AND SPORT,,,2247806X,,,Scopus (SJR),,,90,origem=planilha_nova | sincronizado_revisao
128,Pedro Pinheiro Paes Neto,"COSTA, M. S. F",2024,"The impact of sleep during the tapering period on young swimmers: A scientific investigation. JOURNAL OF PHYSICAL EDUCATION AND SPORT, v. 24, p. 1555-1563, 2024",artigo,JOURNAL OF PHYSICAL EDUCATION AND SPORT,,,2247806X,,,Scopus (SJR),,,90,origem=planilha_nova | sincronizado_revisao
129,Saulo Fernandes Melo de Oliveira,"Costa, Marlene Salvina",2022,"RESPOSTAS DO SONO DE JOVENS NADADORES ÀS CARGAS DE TREINAMENTO E RECUPERAÇÃO, DURANTE O POLIMENTO. REVISTA BRASILEIRA DE MEDICINA DO ESPORTE (ONLINE), v. 29, p. 1-6, 2022",artigo,REVISTA BRASILEIRA DE MEDICINA DO ESPORTE (ONLINE),,,,,,,,,,origem=planilha_nova | sincronizado_revisao
130,Paulo Roberto Cavalcanti Carvalho,"CRUZ, S. T",2024,"The oretical advances on ameloblastoma in aspects related to diagnosis, treatment and clinical variants. Brazilian Journal of Surgery and Clinical Research, v. 48, p. 87-94, 2024",artigo,Brazilian Journal of Surgery and Clinical Research,,,,,,,,,,origem=planilha_nova | sincronizado_revisao
131,Vilde Gomes de Menezes,"DA HORA FILHO, EDMILTON AMARO",2025,"AFROCENTRICIDAD Y EL DESCUIDO DE LAS POLÍTICAS EDUCATIVAS PARA LAS RELACIONES ÉTNICO-RACIALES. LUMEN ET VIRTUS, v. 16, p. 6696-6714, 2025",artigo,LUMEN ET VIRTUS,,,21772789,10.56238/levv16n49-040,,,,,,origem=planilha_revisada
132,Vilde Gomes de Menezes,"DA HORA FILHO, EDMILTON AMARO",2025,"POLÍTICAS PÚBLICAS Y LA EVOLUCIÓN HISTÓRICA DEL FINANCIAMIENTO DE LA EDUCACIÓN EN BRASIL: MARCOS JURÍDICOS, AVANCES Y RETROCESO ENTRE 1934 Y 1988. ARACÊ - DIREITOS HUMANOS EM REVISTA, v. 7, p. 30562-30571, 2025",artigo,ARACÊ - DIREITOS HUMANOS EM REVISTA,,,23582472,10.56238/arev7n6-087,,,,,,origem=planilha_revisada
133,Guilherme Assunção Ferreira,"DA SILVA, KLEBER J",2022,"Airflow restriction mask induces greater central fatigue after a non-exhaustive high-intensity interval exercise. SCANDINAVIAN JOURNAL OF MEDICINE & SCIENCE IN SPORTS, v. 32, p. 487-497, 2022",artigo,SCANDINAVIAN JOURNAL OF MEDICINE & SCIENCE IN SPORTS,,,,,,Scopus (SJR),,,90,origem=planilha_nova | sincronizado_revisao
134,Paulo Felipe Ribeiro Bandeira,"DA SILVA, LUANNA GOMES",2021,"Beliefs and attitudes towards child epilepsy: A structural equation model. SEIZURE-EUROPEAN JOURNAL OF EPILEPSY, v. 84, p. 53-59, 2021",artigo,SEIZURE-EUROPEAN JOURNAL OF EPILEPSY,,,,,,,,,,origem=planilha_nova | sincronizado_revisao
135,Paulo Felipe Ribeiro Bandeira,"DA SILVA, MORGANA ALVES CORREIA",2025,"Association Between Motor Competence, Executive Functions, and Self-Regulation: A Complex Systems Approach. AMERICAN JOURNAL OF HUMAN BIOLOGY, v. 37, p. 1-8, 2025",artigo,AMERICAN JOURNAL OF HUMAN BIOLOGY,,,10420533,10.1002/ajhb.70024,,Web of Science (JCR); Scopus (SJR),1.7,Q1,90,origem=planilha_nova | sincronizado_revisao
136,Paulo Felipe Ribeiro Bandeira,"DA SILVA, MORGANA ALVES CORREIA",2024,"Evidence of validity of the Head-Toes-Knees-Shoulders Revised (HTKS-R) for Brazilian children. CHILD NEUROPSYCHOLOGY, v. 30, p. 1-12, 2024",artigo,CHILD NEUROPSYCHOLOGY,,,,,,Scopus (SJR),,,90,origem=planilha_nova | sincronizado_revisao
137,André dos Santos Costa,"DA SILVA, RAYSSA LAÍS FERREIRA",2021,"Efeitos da atividade física e Índice de Massa Corporal sob o ciclo menstrual em adolescentes: uma revisão da literatura. PRAXIA - REVISTA ON LINE DE EDUCAÇÃO FÍSICA DA UEG, v. 3, p. e2021009, 2021",artigo,PRAXIA - REVISTA ON LINE DE EDUCAÇÃO FÍSICA DA UEG,,,,,,,,,,origem=planilha_nova | sincronizado_revisao
138,André dos Santos Costa,"DA SILVA, RAYSSA LAÍS FERREIRA",2024,"Distúrbios no ciclo menstrual, estado nutricional e nível de atividade física de adolescentes: Um estudo transversal observacional. REVISTA CEREUS, v. 16, p. 184-194, 2024",artigo,REVISTA CEREUS,,,,,,,,,,origem=planilha_nova | sincronizado_revisao
139,Clarice Maria de Lucena Martins,"DA SILVA, RENNÊ H",2022,"Physical activity during school-time and fundamental movement skills: a study among preschoolers with and without physical education classes. Physical Education and Sport Pedagogy, v. 14, p. 1-13, 2022",artigo,Physical Education and Sport Pedagogy,,,,,,Scopus (SJR),,,90,origem=planilha_nova | sincronizado_revisao
140,André dos Santos Costa,"DA SILVA, REYANNE MARIA",2024,"Influência da atividade física na prevalência da Síndrome pré-menstrual em adolescentes. REVISTA CEREUS, v. 16, p. 415-426, 2024",artigo,REVISTA CEREUS,,,,,,,,,,origem=planilha_nova | sincronizado_revisao
141,Leonardo Gomes de Oliveira Luz,"DA SILVA, VINÍCIUS TENÓRIO MORAES",2026,Analysis of Factors Associated with Active and Sedentary Behaviors of Children and Adolescents Considering Bronfenbrenner's Bioecological Theory: A Scoping Review Protocol,artigo,Adolescents,,,26737051,10.3390/adolescents6010009,,Scopus (SJR),,,90,origem=planilha_revisada
142,Guilherme Assunção Ferreira,"DA SILVA, WIDEMAR FERRAZ",2023,"Is caffeine mouth rinsing an effective strategy to improve physical and cognitive performance? A systematic review. CRITICAL REVIEWS IN FOOD SCIENCE AND NUTRITION, v. 63, p. 438-446, 2023",artigo,CRITICAL REVIEWS IN FOOD SCIENCE AND NUTRITION,,,,,,Scopus (SJR),,,90,origem=planilha_nova | sincronizado_revisao
143,Eduardo Zapaterra Campos,"DAMASCENO, V. O",2023,"Influence of the exercise intensity during EA Sport Active 2 on physiology and psychology variables. Human Movement, v. 24, p. 1-10, 2023",artigo,Human Movement,,,,,,Scopus (SJR),,,90,origem=planilha_nova | sincronizado_revisao
144,André dos Santos Costa,"DAMASCENO, V. O",2023,"Influence of the exercise intensity during EA Sport Active 2 on physiology and psychology variables. Human Movement, v. 24, p. 52-61, 2023",artigo,Human Movement,,,,,,Scopus (SJR),,,90,origem=planilha_nova | sincronizado_revisao
145,André dos Santos Costa,"DAMASCENO, V. O",2022,"Criterion validity and accuracy of a heart rate monitor. Human Movement, v. 23, p. 60-68, 2022",artigo,Human Movement,,,,,,Scopus (SJR),,,90,origem=planilha_nova | sincronizado_revisao
146,Eduardo Zapaterra Campos,"DAMASCENO, VINICIUS",2025,Validade e fiabilidade de dois testes submáximos para estimar o consumo máximo de oxigénio em adultos,artigo,RETOS,,,19882041,10.47197/retos.v72.113173,,Web of Science (JCR); Scopus (SJR),1.6,Q2,90,origem=planilha_nova | sincronizado_revisao
147,Tony Meireles dos Santos,"DAMASCENO, VINICIUS",2022,"Criterion validity and accuracy of a heart rate monitor. Human Movement, v. 23, p. 1-0, 2022",artigo,Human Movement,,,,,,Scopus (SJR),,,90,origem=planilha_nova | sincronizado_revisao
148,Eduardo Zapaterra Campos,"DAMASCENO, VINICIUS",2022,"Criterion validity and accuracy of a heart rate monitor. Human Movement, v. 23, p. 60-68, 2022",artigo,Human Movement,,,,,,Scopus (SJR),,,90,origem=planilha_nova | sincronizado_revisao
149,Tony Meireles dos Santos,"DAMASCENO, VINICIUS",2023,"Influence of the exercise intensity during EA Sport Active 2 on physiology and psychology variables. Human Movement, v. 24, p. 1-10, 2023",artigo,Human Movement,,,,,,Scopus (SJR),,,90,origem=planilha_nova | sincronizado_revisao
150,Lucas Eduardo Rodrigues dos Santos,"DAMASCENO, VINICIUS",2023,"Influence of the exercise intensity during EA Sport Active 2 on physiology and psychology variables. Human Movement, v. 24, p. 1-10, 2023",artigo,Human Movement,,,,,,Scopus (SJR),,,90,origem=planilha_nova | sincronizado_revisao
151,Saulo Fernandes Melo de Oliveira,"DANTAS, M. J. B",2021,"Política, Biossegurança, Jogos Olímpicos e Paralímpicos Tóquio 2020. RESEARCH, SOCIETY AND DEVELOPMENT, v. 10, p. 1-10, 2021",artigo,"RESEARCH, SOCIETY AND DEVELOPMENT",,,,,,,,,,origem=planilha_nova | sincronizado_revisao
152,Eduardo Zapaterra Campos,"DE ALENCAR MATOS, MARCUS",2025,"Understanding the mediating role of anthropometry and body composition in the relationship between biological maturation and sport-specific performance in young swimmers. JOURNAL OF SPORTS SCIENCES, v. 7, p. 1-11, 2025",artigo,JOURNAL OF SPORTS SCIENCES,,,02640414,10.1080/02640414.2025.2540202,,Web of Science (JCR); Scopus (SJR),2.5,Q2,90,origem=planilha_revisada
153,Leonardo Gomes de Oliveira Luz,"DE ALENCAR MATOS, MARCUS",2025,"Understanding the mediating role of anthropometry and body composition in the relationship between biological maturation and sport-specific performance in young swimmers. JOURNAL OF SPORTS SCIENCES, v. 1, p. 1-11, 2025",artigo,JOURNAL OF SPORTS SCIENCES,,,02640414,10.1080/02640414.2025.2540202,,Web of Science (JCR); Scopus (SJR),2.5,Q2,90,origem=planilha_revisada
154,Ozeas de Lima Lins Filho,"DE ALMEDIA, JOSÉ RICARDO VIEIRA",2025,Effect of Physical Exercise on Sleep Quality and Depressive Symptoms in Adults: A Systematic Review and Meta-Analysis,artigo,SLEEP SCIENCE (IMPRESSO),,,19840659,10.1055/s-0045-1806954,,Web of Science (JCR); Scopus (SJR),1.8,Q3,90,origem=planilha_revisada
155,Paulo Roberto Cavalcanti Carvalho,"DE AMORIM, GERALDO JOSÉ",2022,"Sarcopenia in Non-Dialysis Chronic Kidney Disease Patients: Prevalence and Associated Factors. FRONTIERS IN MEDICINE, v. 9, p. 01-10, 2022",artigo,FRONTIERS IN MEDICINE,,,,,,Scopus (SJR),,,90,origem=planilha_nova | sincronizado_revisao
156,Paulo Felipe Ribeiro Bandeira,"DE CASTRO SILVEIRA, JOÃO FRANCISCO",2026,Are health- and skill-related truly separate components of physical fitness in youth?,artigo,SPORT SCIENCES FOR HEALTH (TESTO STAMPATO),,,18247490,10.1007/s11332-024-01295-5,,Web of Science (JCR); Scopus (SJR),1.3,Q3,90,origem=planilha_nova | sincronizado_revisao
157,Rafael dos Santos Henrique,"DE OLIVEIRA, ILANA SANTOS",2022,"Comment on ¿A high periconceptional maternal ultra-processed food consumption impairs embryonic growth: The Rotterdam periconceptional cohort¿ clinical nutrition 2022. CLINICAL NUTRITION, v. 41, p. 2410-2411, 2022",artigo,CLINICAL NUTRITION,,,24102411,,,Scopus (SJR),,,90,origem=planilha_nova | sincronizado_revisao
158,Rafael dos Santos Henrique,"DE SOUSA FERNANDES, MATHEUS SANTOS",2022,"Effects of aerobic exercise training in oxidative metabolism and mitochondrial biogenesis markers on prefrontal cortex in obese mice. BMC SPORTS SCIENCE, MEDICINE AND REHABILITATION, v. 14, p. 213, 2022",artigo,"BMC SPORTS SCIENCE, MEDICINE AND REHABILITATION",,,20521847,10.1186/s13102-024-01052-8,,Web of Science (JCR); Scopus (SJR),2.8,Q1,90,origem=planilha_nova | sincronizado_revisao
159,Rafael dos Santos Henrique,"DE SOUSA FERNANDES, MATHEUS SANTOS",2023,"Physical Exercise Decreases Endoplasmic Reticulum Stress in Central and Peripheral Tissues of Rodents: A Systematic Review. European Journal Of Investigation In Health Psychology And Education, v. 13, p. 1082-1096, 2023",artigo,European Journal Of Investigation In Health Psychology And Education,,,10821096,,,Scopus (SJR),,,90,origem=planilha_nova | sincronizado_revisao
160,Tony Meireles dos Santos,"DE SOUSA FERNANDES, MATHEUS SANTOS",2022,"Undernutrition modulates endoplasmic reticulum stress genes in the hippocampus of juvenile rats: Involvement of oxidative stress. BRAIN RESEARCH, v. 1, p. 148098, 2022",artigo,BRAIN RESEARCH,,,,,,Scopus (SJR),,,90,origem=planilha_nova | sincronizado_revisao
161,Tony Meireles dos Santos,"DE SOUSA FERNANDES, MATHEUS SANTOS",2022,"Cytokines and Immune Cells Profile in Different Tissues of Rodents Induced by Environmental Enrichment: Systematic Review. INTERNATIONAL JOURNAL OF MOLECULAR SCIENCES, v. 23, p. 11986, 2022",artigo,INTERNATIONAL JOURNAL OF MOLECULAR SCIENCES,,,,,,Scopus (SJR),,,90,origem=planilha_nova | sincronizado_revisao
162,Bruno Teixeira Barbosa,"DE SOUSA FORTES, LEONARDO",2024,"Effect of mental fatigue on decision-making skill during simulated congested match schedule in professional soccer athletes. CURRENT PSYCHOLOGY, v. 43, p. 1785-1793, 2024",artigo,CURRENT PSYCHOLOGY,,,17851793,,,Scopus (SJR),,,90,origem=planilha_nova | sincronizado_revisao
163,Paulo Felipe Ribeiro Bandeira,"DE SOUZA FILHO, ANASTÁCIO NECO",2026,"Inequities in Access: Public Open Spaces and Physical Activity Disparities Among Brazilian Preschoolers in Vulnerable Communities. Journal of Physical Activity & Health, v. 23, p. 1-8, 2026",artigo,Journal of Physical Activity & Health,,,,,,Scopus (SJR),,,90,origem=planilha_nova | sincronizado_revisao
164,Rafael dos Santos Henrique,"DE SOUZA OLIVEIRA, NAYARA",2025,Gender gap in gross motor coordination among low-income Brazilian children,artigo,Vulnerable Children and Youth Studies (Print),,,17450128,10.1080/17450128.2025.2575325,,Web of Science (JCR); Scopus (SJR),0.9,Q3,90,origem=planilha_revisada
165,Clarice Maria de Lucena Martins,"DE SOUZA, ALESANDRA ARAÚJO",2023,"Paths towards a healthier BMI among short and adequate sleepers: A pathway network analysis considering movement behaviors in low-income preschoolers. AMERICAN JOURNAL OF HUMAN BIOLOGY, v. 35, p. 12, 2023",artigo,AMERICAN JOURNAL OF HUMAN BIOLOGY,,,10420533,10.1002/ajhb.70024,,Web of Science (JCR); Scopus (SJR),1.7,Q1,90,origem=planilha_nova | sincronizado_revisao
166,Tony Meireles dos Santos,"DE SOUZA, DANILO",2023,"Validity of the Borg 6-20 categories obtegories obtained in incremental testing for prescribing aerobic exercise intensity: a systematic review. Human Movement, v. 24, p. 46-55, 2023",artigo,Human Movement,,,,,,Scopus (SJR),,,90,origem=planilha_nova | sincronizado_revisao
167,Eduardo Zapaterra Campos,"DE SOUZA, DANILO",2023,"Validity of the Borg 6-20 categories obtegories obtained in incremental testing for prescribing aerobic exercise intensity: a systematic review. Human Movement, v. 24, p. 1, 2023",artigo,Human Movement,,,,,,Scopus (SJR),,,90,origem=planilha_nova | sincronizado_revisao
168,Pedro Pinheiro Paes Neto,"DE SOUZA, GUSTAVO",2021,"CONSEQUENCES OF COVID-19 PREVENTIVE MEASURES ON ANXIETY, STRESS AND DEPRESSION IN FOOTBALL ATHLETES. SOCCER AND SOCIETY, v. 1, p. 1-9, 2021",artigo,SOCCER AND SOCIETY,,,,,,Scopus (SJR),,,90,origem=planilha_nova | sincronizado_revisao
169,Pedro Pinheiro Paes Neto,DELFA‐,2024,"Single-Leg Balance and Lower Limb Strength: Quantitative Analysis with the Balance Master System. Journal Of Functional Morphology And Kinesiology, v. 9, p. 01-10, 2024",artigo,Journal Of Functional Morphology And Kinesiology,,,,,,Scopus (SJR),,,90,origem=planilha_nova | sincronizado_revisao
170,Pedro Pinheiro Paes Neto,"DELFA-DE-LA-MORENA, JOSÉ MANUEL",2025,"Effects of Physical Activity Level, Strength, Balance, and Body Composition on Perceived Health in Healthy Adults",artigo,SPORTS,,,20754663,10.3390/sports14020070,,Scopus (SJR),,,90,origem=planilha_nova | sincronizado_revisao
171,Pedro Pinheiro Paes Neto,"DELFA-DE-LA-MORENA, JOSÉ MANUEL",2025,Efectos de la sincronización musical y de las preferencias musicales en la respuesta fisiológica durante una sesión de ejercicio físico: un estudio cuasi experimental,artigo,RETOS,,,19882041,10.47197/retos.v72.113173,,Web of Science (JCR); Scopus (SJR),1.6,Q2,90,origem=planilha_nova | sincronizado_revisao
172,Pedro Pinheiro Paes Neto,"DELFA-DE-LA-MORENA, JOSÉ MANUEL",2025,"Relationship of Physical Activity Levels and Body Composition with Psychomotor Performance and Strength in Men. Healthcare, v. 13, p. 1789, 2025",artigo,Healthcare,,,22279032,10.3390/healthcare13151789,,Web of Science (JCR); Scopus (SJR),2.7,Q2,90,origem=planilha_revisada
173,André dos Santos Costa,"DIAS, T. E. M",2022,"Spatial incompatibility training can prevent the ocurrence of the enhanced Simon effect in elderly. ESTUDOS DE PSICOLOGIA, v. 39, p. 1-13, 2022",artigo,ESTUDOS DE PSICOLOGIA,,,,,,,,,,origem=planilha_nova | sincronizado_revisao
174,Paulo Roberto Cavalcanti Carvalho,"DINIZ, L. F. A",2024,"Quality of life, physical activity, and socieconomic status of candidates to Bariatric Surgery: Cross-sectional study. MOTRICIDADE (SANTA MARIA DA FEIRA), v. 19, p. 1-10, 2024",artigo,MOTRICIDADE (SANTA MARIA DA FEIRA),,,,,,,,,,origem=planilha_nova | sincronizado_revisao
175,Daniela Karina da Silva Ferreira,"DINZ, I. M",2026,"TREINAMENTO DE FORÇA PARA INDIVÍDUOS ACIMA DE 45 ANOS COM DIAGNÓSTICO DE OSTEOPOROSE: UM ESTUDO DE REVISÃO. Revista Interfaces: Saúde, Humanas e Tecnologia, v. 14, p. 6574-6588, 2026",artigo,"Revista Interfaces: Saúde, Humanas e Tecnologia",,,65746588,,,,,,,origem=planilha_nova | sincronizado_revisao
176,Tony Meireles dos Santos,"DO COUTO, MOISÉS COSTA",2021,"Comment: Kay et al.?s (2020) Isokinetic eccentric exercise substantially improves mobility, muscle strength, and size, but not postural sway metrics in older adults with limited regression observed following a detraining period. Eur J Appl Physiol. EUROPEAN JOURNAL OF APPLIED PHYSIOLOGY, v. 161, p. 1795-1796, 2021",artigo,EUROPEAN JOURNAL OF APPLIED PHYSIOLOGY,,,17951796,,,Scopus (SJR),,,90,origem=planilha_nova | sincronizado_revisao
177,André dos Santos Costa,"do Nascimento, Higor Vinicius Alves",2021,ESTUDO DE POLIMORFISMOS NO GENE RECEPTOR DA VITAMINA D EM PACIENTES COM A DOENÇA DE ALZHEIMER,capitulo,,,,,,,,,,45,origem=planilha_nova | sincronizado_revisao
178,Pedro Pinheiro Paes Neto,"DOS SANTOS, WLALDEMIR ROBERTO",2026,Effects of strength training on morphological changes of lipodystrophy in people living with HIV: A quasi-experimental non-randomized controlled trial,artigo,JOURNAL OF BODYWORK AND MOVEMENT THERAPIES,,,13608592,10.1016/j.jbmt.2024.11.012,,Web of Science (JCR); Scopus (SJR),1.4,Q3,90,origem=planilha_revisada
179,Pedro Pinheiro Paes Neto,"DOS SANTOS, WR",2021,"Effect of strength training on people with HIV and immunometabolic disorders. ARCHIVOS DE MEDICINA DEL DEPORTE, v. 38, p. 163-167, 2021",artigo,ARCHIVOS DE MEDICINA DEL DEPORTE,,,,,,Scopus (SJR),,,90,origem=planilha_nova | sincronizado_revisao
180,Clarice Maria de Lucena Martins,"DUNCAN, MICHAEL J",2022,"TGMD-3 short version: Evidence of validity and associations with sex in Irish children. JOURNAL OF SPORTS SCIENCES, v. 40, p. 138-145, 2022",artigo,JOURNAL OF SPORTS SCIENCES,,,02640414,10.1080/02640414.2025.2540202,,Web of Science (JCR); Scopus (SJR),2.5,Q2,90,origem=planilha_nova | sincronizado_revisao
181,Eduardo Zapaterra Campos,"DUTRA, YAGO MEDEIROS",2021,"Photobiomodulation 30 min or 6 h Prior to Cycling Does Not Alter Resting Blood Flow Velocity, Exercise-Induced Physiological Responses or Time to Exhaustion in Healthy Men. Frontiers in Physiology, v. 11, p. 607302, 2021",artigo,Frontiers in Physiology,,,,,,Scopus (SJR),,,90,origem=planilha_nova | sincronizado_revisao
182,Paulo Felipe Ribeiro Bandeira,"EDUARDO FERREIRA MAIA, DOUGLAS",2025,What school environment characteristics influence the physical fitness of low-income schoolchildren?-Qué características del entorno escolar influyen en la aptitud física de los escolares de bajos ingresos?Que características do ambiente escolar influenciam a aptidão física das crianças em idade escolar de baixos rendimentos?,artigo,RETOS,,,19882041,10.47197/retos.v72.113173,,Web of Science (JCR); Scopus (SJR),1.6,Q2,90,origem=planilha_nova | sincronizado_revisao
183,Bruno Teixeira Barbosa,"FARO, HELOIANA",2023,"Young Basketball Players? Multiple Object Tracking Skills Were Unaffected by Stroop-Induced Mental Fatigue. PERCEPTUAL AND MOTOR SKILLS, v. 130, p. 2161-2176, 2023",artigo,PERCEPTUAL AND MOTOR SKILLS,,,21612176,,,Scopus (SJR),,,90,origem=planilha_nova | sincronizado_revisao
184,Bruno Teixeira Barbosa,"FARO, HELOIANA",2022,"Sport-based video game causes mental fatigue and impairs visuomotor skill in male basketball players. INTERNATIONAL JOURNAL OF SPORT AND EXERCISE PSYCHOLOGY, v. 21, p. 1-15, 2022",artigo,INTERNATIONAL JOURNAL OF SPORT AND EXERCISE PSYCHOLOGY,,,1612197X,10.1080/1612197x.2024.2446329,,Web of Science (JCR); Scopus (SJR),2.3,Q2,90,origem=planilha_nova | sincronizado_revisao
185,Bruno Teixeira Barbosa,"FARO, HELOIANA",2025,"Do prolonged social media use or cognitive tasks impair neuroelectric and visuomotor performance in taekwondo athletes? A randomized and controlled trial. PSYCHOLOGY OF SPORT AND EXERCISE, v. 76, p. 102768, 2025",artigo,PSYCHOLOGY OF SPORT AND EXERCISE,,,,,,Scopus (SJR),,,90,origem=planilha_nova | sincronizado_revisao
186,Ozeas de Lima Lins Filho,"FASIHI, L. (Org.)",2026,"(Org.) ; AMARO-GAHETE, F",livro,,,,,,,,,,90,origem=planilha_nova | sincronizado_revisao
187,Daniel da Rocha Queiroz,"FEITOSA, S. B",2025,"Does meeting recommendations for physical activity, screen time, and sleep increase the chance of better health perception in adolescents?",artigo,Motriz,,,19806574,10.5016/s1980-6574e10248467,,Scopus (SJR),,,90,origem=planilha_nova | sincronizado_revisao
188,Ozeas de Lima Lins Filho,"FEITOSA, S. B",2025,"Does meeting recommendations for physical activity, screen time, and sleep increase the chance of better health perception in adolescents?",artigo,Motriz,,,19806574,10.5016/s1980-6574e10248467,,Scopus (SJR),,,90,origem=planilha_nova | sincronizado_revisao
189,Paulo Felipe Ribeiro Bandeira,"FELIN FOCHESATTO, CAMILA",2023,"A network analysis involving mental difficulties, cognition, physical fitness, 24-hour movement components, fatness, and sociodemographic factors in children. Journal of Exercise Science & Fitness, v. 24, p. 1-12, 2023",artigo,Journal of Exercise Science & Fitness,,,,,,Scopus (SJR),,,90,origem=planilha_nova | sincronizado_revisao
190,Saulo Fernandes Melo de Oliveira,"FERNANDES, T. L. B",2021,"Single marker method to estimate center-of-mass velocity during vertical jumps. JOURNAL OF PHYSICAL EDUCATION AND SPORT, v. 5, p. 2458-2465, 2021",artigo,JOURNAL OF PHYSICAL EDUCATION AND SPORT,,,2247806X,,,Scopus (SJR),,,90,origem=planilha_nova | sincronizado_revisao
191,Saulo Fernandes Melo de Oliveira,"FERNANDES, T. L. B",2022,"Contribuições da velocidade resultante sobre o desempenho de lançadores de disco paralímpicos classes F-44 e F-46. Revista Brasileira de Ciências do Esporte, v. 44, p. 1-6, 2022",artigo,Revista Brasileira de Ciências do Esporte,,,,,,Scopus (SJR),,,90,origem=planilha_nova | sincronizado_revisao
192,Paulo Felipe Ribeiro Bandeira,"FERREIRA DA SILVA, LARA SUELE",2024,"Associação entre comportamentos de movimento 24 horas e ansiedade em crianças após o isolamento social. REVISTA DE CIENCIAS DE LA ACTIVIDAD FÍSICA, v. 25, p. 1-17, 2024",artigo,REVISTA DE CIENCIAS DE LA ACTIVIDAD FÍSICA,,,,,,,,,,origem=planilha_nova | sincronizado_revisao
193,Guilherme Assunção Ferreira,"FERREIRA, GUILHERME A",2021,"Extract Increases Oxygen Uptake without Changes in Neuromuscular Fatigue Development during a High-Intensity Interval Exercise. JOURNAL OF THE AMERICAN COLLEGE OF NUTRITION, v. 40, p. 419-428, 2021",artigo,JOURNAL OF THE AMERICAN COLLEGE OF NUTRITION,,,,,,Scopus (SJR),,,90,origem=planilha_nova | sincronizado_revisao
194,Guilherme Assunção Ferreira,"FERREIRA, GUILHERME A",2021,"Caffeine intake reduces sedentary time and increases physical activity predisposition in obese police officers. BRAZILIAN JOURNAL OF MEDICAL AND BIOLOGICAL RESEARCH, v. 54, p. e11556, 2021",artigo,BRAZILIAN JOURNAL OF MEDICAL AND BIOLOGICAL RESEARCH,,,,,,Scopus (SJR),,,90,origem=planilha_nova | sincronizado_revisao
195,Vilde Gomes de Menezes,"Figueira, Tiago Miguel Neves",2022,POLÍTICAS PÚBLICAS DE DESPORTO NA ÁREA METROPOLITANA DE LISBOA,capitulo,,,,,,,,,,45,origem=planilha_nova | sincronizado_revisao
196,Tony Meireles dos Santos,"FILGUEIRA, TAYRINE ORDONIO",2021,"The Relevance of a Physical Active Lifestyle and Physical Fitness on Immune Defense: Mitigating Disease Burden, With Focus on COVID-19 Consequences. Frontiers in Immunology, v. 12, p. 1-23, 2021",artigo,Frontiers in Immunology,,,,,,Scopus (SJR),,,90,origem=planilha_nova | sincronizado_revisao
197,Eduardo Zapaterra Campos,"FILGUEIRA, TAYRINE ORDONIO",2021,"The Relevance of a Physical Active Lifestyle and Physical Fitness on Immune Defense: Mitigating Disease Burden, With Focus on COVID-19 Consequences. Frontiers in Immunology, v. 12, p. 587146, 2021",artigo,Frontiers in Immunology,,,,,,Scopus (SJR),,,90,origem=planilha_nova | sincronizado_revisao
198,Paulo Roberto Cavalcanti Carvalho,"FILGUEIRA, TAYRINE ORDONIO",2023,"The impact of supervised physical exercise on chemokines and cytokines in recovered COVID-19 patients. Frontiers in Immunology, v. 13, p. 01-12, 2023",artigo,Frontiers in Immunology,,,,,,Scopus (SJR),,,90,origem=planilha_nova | sincronizado_revisao
199,Rafael dos Santos Henrique,"FILTER-RUGER, A",2022,"How does curve sprint evolve across different age-categories in soccer players?. BIOLOGY OF SPORT, v. 39, p. 53-58, 2022",artigo,BIOLOGY OF SPORT,,,0860021X,10.5114/biolsport.2025.151650,,Web of Science (JCR); Scopus (SJR),5.0,Q1,90,origem=planilha_nova | sincronizado_revisao
200,Paulo Felipe Ribeiro Bandeira,"FIORI, J. M",2022,"The Impact of a Swimming Training Season on Anthropometrics, Maturation, and Kinematics in 12-Year-Old and Under Age-Group Swimmers: A Network Analysis",artigo,Frontiers in Sports and Active Living,,,26249367,10.3389/fspor.2025.1724991,,Web of Science (JCR); Scopus (SJR),2.6,Q2,90,origem=planilha_nova | sincronizado_revisao
201,André dos Santos Costa,"FLORENCIO JUNIOR, P. G",2023,Efeito agudo da prática esportiva com engajamento cognitivo nas funções executivas em crianças,artigo,REVISTA BRASILEIRA DE ATIVIDADE FÍSICA E SAÚDE,,,23171634,10.12820/rbafs.30e0411,,Scopus (SJR),,,90,origem=planilha_nova | sincronizado_revisao
202,Bruno Teixeira Barbosa,"FORTES, L. S",2021,"Playing videogames or using social media applications on smartphones causes mental fatigue and impairs decision-making performance in amateur boxers. Applied Neuropsychology-Adult, p. 1-12, 2021",artigo,,,,,,,,,,,origem=planilha_nova | sincronizado_revisao
203,Bruno Teixeira Barbosa,"FORTES, LEONARDO S",2021,"Effects of Mental Fatigue Induced by Social Media Use on Volleyball Decision-Making, Endurance, and Countermovement Jump Performance. PERCEPTUAL AND MOTOR SKILLS, v. 128, p. 2745-2766, 2021",artigo,PERCEPTUAL AND MOTOR SKILLS,,,27452766,,,Scopus (SJR),,,90,origem=planilha_nova | sincronizado_revisao
204,André dos Santos Costa,"FRADIQUE, BRUNA NOLASCO SIQUEIRA SILVA",2025,Repercussions of bariatric surgery on bone mineral density: a comparative analysis between Roux-en-Y gastric bypass and sleeve gastrectomy,artigo,Abcd-Arquivos Brasileiros De Cirurgia Digestiva-Brazilian Archives Of Digestive Surgery,,,23176326,10.1590/0102-67202025000044e1913,,Scopus (SJR),,,90,origem=planilha_revisada
205,Rafael dos Santos Henrique,"FRAGA, JOÃO VICTOR CAVALCANTI",2025,Locomotor profile of a new soccer modality played in 1v1 format,artigo,SPORT SCIENCES FOR HEALTH (TESTO STAMPATO),,,18247490,10.1007/s11332-024-01295-5,,Web of Science (JCR); Scopus (SJR),1.3,Q3,90,origem=planilha_revisada
206,Tony Meireles dos Santos,"FRAGA, JOÃO VICTOR CAVALCANTI",2024,"Locomotor profile of a new soccer modality played in 1v1 format. SPORT SCIENCES FOR HEALTH (TESTO STAMPATO), p",artigo,,,,,,,,,,,origem=planilha_nova | sincronizado_revisao
207,Bruno Teixeira Barbosa,"FRANCA, M. M. G",2022,Os efeitos do exercício físico na qualidade do sono de adultos e idosos: uma revisão de literatura,capitulo,,,,,,,,,,45,origem=planilha_nova | sincronizado_revisao
208,André dos Santos Costa,"FRANCELINO, J. O",2024,"Nível de Atividade Física, Consumo Alimentar, Estresse e Sinais e Sintomas de Disbiose Intestinal em Pós-graduandos em Educação Física Durante a Pandemia do COVID-19. REVISTA CEREUS, v. 16, p. 209-224, 2024",artigo,REVISTA CEREUS,,,,,,,,,,origem=planilha_nova | sincronizado_revisao
209,Daniel da Rocha Queiroz,"FREIRE, J. C",2025,"Relação dos indicadores de atividade física com o estresse ocupacional e a Síndrome de Burnout em policiais: um protocolo de revisão sistemática. CUADERNOS DE EDUCACIÓN Y DESARROLLO, v. 17, p. e9137, 2025",artigo,CUADERNOS DE EDUCACIÓN Y DESARROLLO,,,19894155,10.55905/cuadv17n4-164,,,,,,origem=planilha_revisada
210,Pedro Pinheiro Paes Neto,"FREITAS JÚNIOR, C. G",2021,"Effects of different training strategies with a weight vest on countermovement vertical jump and change-of-direction ability in male volleyball athletes. THE JOURNAL OF SPORTS MEDICINE AND PHYSICAL FITNESS, v. 61, p. 1, 2021",artigo,THE JOURNAL OF SPORTS MEDICINE AND PHYSICAL FITNESS,,,18271928,10.23736/S0022-4707.25.16698-X,,Web of Science (JCR); Scopus (SJR),,,90,origem=planilha_nova | sincronizado_revisao
211,Pedro Pinheiro Paes Neto,"FREITAS JÚNIOR, C. G",2021,"Reliability of the high-speed camera-based system (HSC-KINOVEA) for lower-limb explosive strength endurance assessment in athletes. Journal of Physical Education, v. 32, p. 1-8, 2021",artigo,Journal of Physical Education,,,,,,,,,,origem=planilha_nova | sincronizado_revisao
212,Saulo Fernandes Melo de Oliveira,"FREITAS, L. J. F",2021,"Reasons for adhering to the practice of paralympic athletics in adults with physical disabilities. Motricidade, v. 17, p. 359-366, 2021",artigo,Motricidade,,,,,,Scopus (SJR),,,90,origem=planilha_nova | sincronizado_revisao
213,Ozeas de Lima Lins Filho,"GERMANO-SOARES, ANTONIO HENRIQUE",2021,"Combinations of physical activity, sedentary behavior, and sleep and health outcomes in older adults: a systematic review protocol",artigo,REVISTA BRASILEIRA DE ATIVIDADE FÍSICA E SAÚDE,,,23171634,10.12820/rbafs.30e0411,,Scopus (SJR),,,90,origem=planilha_nova | sincronizado_revisao
214,Eduardo Zapaterra Campos,"GEROSA NETO, J",2023,"GEROSA NETO, J",capitulo,,,,,,,,,,45,origem=planilha_nova | sincronizado_revisao
215,Leonardo Gomes de Oliveira Luz,"Giudicelli, B. B",2021,"Letramento corporal na educação física: debate, contribuição e intervenção",capitulo,,,,,,,,,,45,origem=planilha_nova | sincronizado_revisao
216,Rafael dos Santos Henrique,"GIUDICELLI, B. B",2021,"Letramento corporal na educação física: debate, contribuição e intervenção",capitulo,,,,,,,,,,45,origem=planilha_nova | sincronizado_revisao
217,Leonardo Gomes de Oliveira Luz,"Giudicelli, B. B",2021,"Age and maturity effects on morphological and physical performance measures of adolescent judo athletes. Journal of Human Kinetics, v. 80, p. 131-141, 2021",artigo,Journal of Human Kinetics,,,,,,Scopus (SJR),,,90,origem=planilha_nova | sincronizado_revisao
218,Leonardo Gomes de Oliveira Luz,"GIUDICELLI, BRUNO B",2021,"Chronological Age, Somatic Maturation and Anthropometric Measures: Association with Physical Performance of Young Male Judo Athletes. International Journal of Environmental Research and Public Health, v. 18, p. 6410, 2021",artigo,International Journal of Environmental Research and Public Health,,,16604601,10.3390/ijerph23020221,,Web of Science (JCR); Scopus (SJR),,,90,origem=planilha_nova | sincronizado_revisao
219,Eduardo Zapaterra Campos,"GOMES, W. S",2021,"Effects of Capsiate Supplementation on Maximal Voluntary Contraction in Healthy Men. INTERNATIONAL JOURNAL OF SPORTS MEDICINE, v. 43, p. 466-472, 2021",artigo,INTERNATIONAL JOURNAL OF SPORTS MEDICINE,,,01724622,10.1055/a-2674-4030,,Web of Science (JCR); Scopus (SJR),2.2,Q2,90,origem=planilha_nova | sincronizado_revisao
220,Clarice Maria de Lucena Martins,"GÓMEZ-CARMONA, CARLOS D",2023,"Crucial workload variables in female-male elite Brazilian Beach Handball: An exploratory factor analysis. BIOLOGY OF SPORT, v. 40, p. 345-352, 2023",artigo,BIOLOGY OF SPORT,,,0860021X,10.5114/biolsport.2025.151650,,Web of Science (JCR); Scopus (SJR),5.0,Q1,90,origem=planilha_nova | sincronizado_revisao
221,Tony Meireles dos Santos,Gonçalves JG,2024,"Psychometric properties of the Knowledge and Understanding Questionnaire of the Canadian Assessment of Physical Literacy-2 in low-income Brazilian children. Retos-Nuevas Tendencias En Educacion Fisica Deporte Y Recreacion, v. 58, p. 291-298, 2024",artigo,Retos-Nuevas Tendencias En Educacion Fisica Deporte Y Recreacion,,,,,,,,,,origem=planilha_nova | sincronizado_revisao
222,Leonardo Gomes de Oliveira Luz,"GONCALVES, J. G",2024,Propiedades psicométricas del Cuestionario de Conocimiento y Comprensión de la Evaluación Canadiense de Alfabetización Física-2 en niños brasileños de baja renta,artigo,RETOS,,,19882041,10.47197/retos.v72.113173,,Web of Science (JCR); Scopus (SJR),1.6,Q2,90,origem=planilha_nova | sincronizado_revisao
223,Paulo Felipe Ribeiro Bandeira,"GUARIGLIA, DÉBORA ALVES",2024,"O USO DE PRESERVATIVO EM UNIVERSITÁRIOS(AS) BRASILEIROS(AS). REVISTA BRASILEIRA DE SEXUALIDADE HUMANA, v. 35, p. 1161, 2024",artigo,REVISTA BRASILEIRA DE SEXUALIDADE HUMANA,,,,,,,,,,origem=planilha_nova | sincronizado_revisao
224,Clarice Maria de Lucena Martins,"GUERRA, PAULO HENRIQUE",2021,National guidelines for physical activity in early childhood in American countries: a scoping review,artigo,REVISTA BRASILEIRA DE ATIVIDADE FÍSICA E SAÚDE,,,23171634,10.12820/rbafs.30e0411,,Scopus (SJR),,,90,origem=planilha_nova | sincronizado_revisao
225,Paulo Felipe Ribeiro Bandeira,"GUILHERMINO, C. S",2025,"Cross-Cultural Adaptation of the Short Dark Tetrad (SD4) in the Brazilian Context. Psychological Test Adaptation and Development, v. 6, p. 77, 2025",artigo,Psychological Test Adaptation and Development,,,,,,Scopus (SJR),,,90,origem=planilha_nova | sincronizado_revisao
226,Paulo Felipe Ribeiro Bandeira,"GUILHERMINO, CAROLLINA SOUZA",2026,"Revisiting the Short Dark Tetrad in Brazil: Evidence for a five-factor model using network psychometrics. PERSONALITY AND INDIVIDUAL DIFFERENCES, v. 257, p. 113789, 2026",artigo,PERSONALITY AND INDIVIDUAL DIFFERENCES,,,,,,Scopus (SJR),,,90,origem=planilha_nova | sincronizado_revisao
227,Paulo Felipe Ribeiro Bandeira,"GUIMARAES, E. S",2021,"A Network Perspective of the Ecosystem?s Health Provision Spectrum in the Tourist Trails of UNESCO Global Geoparks: Santo Sepulcro and Riacho do Meio Trails, Araripe UGG (NE of Brazil). Geosciences, v. 11, p. 1-29, 2021",artigo,Geosciences,,,,,,Scopus (SJR),,,90,origem=planilha_nova | sincronizado_revisao
228,Paulo Felipe Ribeiro Bandeira,"GUIMARÃES, EDUARDO S",2022,"Classification of the Effort Index and Biomechanical Overload in Natural Trails of UNESCO Global Geoparks-A Network Perspective of Trails of the Araripe UGG (NE Brazil). International Journal of Environmental Research and Public Health, v. 19, p. 14297, 2022",artigo,International Journal of Environmental Research and Public Health,,,16604601,10.3390/ijerph23020221,,Web of Science (JCR); Scopus (SJR),,,90,origem=planilha_nova | sincronizado_revisao
229,Paulo Roberto Cavalcanti Carvalho,"GUIMARAES, M. B. (Org.)",2022,"(Org.) ; MONTEIRO, J",livro,,,,,,,,,,90,origem=planilha_nova | sincronizado_revisao
230,Paulo Roberto Cavalcanti Carvalho,"GUIMARAES, M. B",2022,"LIMA NETO, J",livro,,,,,,,,,,90,origem=planilha_nova | sincronizado_revisao
231,Paulo Roberto Cavalcanti Carvalho,"GUIMARAES, T. G. M",2022,"Estratégias e ações de cuidado no programa Academia da Cidade durante a pandemia de covid-19: relato de experiência. REVISTA BAIANA DE SAÚDE PÚBLICA (ONLINE), v. 46, p. 302-312, 2022",artigo,REVISTA BAIANA DE SAÚDE PÚBLICA (ONLINE),,,,,,,,,,origem=planilha_nova | sincronizado_revisao
232,Rafael dos Santos Henrique,"HENRIQUE, R. S",2026,"Motor Competence Assessment in Low-Income Brazilian Children: Factorial Structure and Concurrent Validity. JOURNAL OF MOTOR LEARNING AND DEVELOPMENT, v. 14, p. 1-8, 2026",artigo,JOURNAL OF MOTOR LEARNING AND DEVELOPMENT,,,,,,Scopus (SJR),,,90,origem=planilha_nova | sincronizado_revisao
233,Paulo Felipe Ribeiro Bandeira,"HENRIQUE, RAFAEL DOS SANTOS",2026,"Motor Competence Assessment in Low-Income Brazilian Children: Factorial Structure and Concurrent Validity. JOURNAL OF MOTOR LEARNING AND DEVELOPMENT, v. 14, p. 1-12, 2026",artigo,JOURNAL OF MOTOR LEARNING AND DEVELOPMENT,,,,,,Scopus (SJR),,,90,origem=planilha_nova | sincronizado_revisao
234,Leonardo Gomes de Oliveira Luz,"HENRIQUE, RAFAEL DOS SANTOS",2026,"Motor Competence Assessment in Low-Income Brazilian Children: Factorial Structure and Concurrent Validity. JOURNAL OF MOTOR LEARNING AND DEVELOPMENT, v. 14, p. 1-14, 2026",artigo,JOURNAL OF MOTOR LEARNING AND DEVELOPMENT,,,,,,Scopus (SJR),,,90,origem=planilha_nova | sincronizado_revisao
235,Tony Meireles dos Santos,"INOUE, ALLAN",2021,"Correlation between economy/efficiency and mountain biking cross-country race performance. European Journal of Sport Science, v. 1, p. 1-23, 2021",artigo,European Journal of Sport Science,,,,,,Scopus (SJR),,,90,origem=planilha_nova | sincronizado_revisao
236,Rafael dos Santos Henrique,"IURILLI, MARIA LC",2021,"Heterogeneous contributions of change in population distribution of body mass index to change in obesity and underweight. eLife, v. 10, p. 10.7554/eLife.6, 2021",artigo,eLife,,,,10.7554/eLife.6,,Scopus (SJR),,,90,origem=planilha_nova | sincronizado_revisao
237,Daniel da Rocha Queiroz,"JESUS SOUSA LIMA, TERESINHA",2022,"Inter-individual variability in children's physical growth and body composition: Findings of longitudinal ELOS-Pré study. AMERICAN JOURNAL OF HUMAN BIOLOGY, v. 34, p. e23697, 2022",artigo,AMERICAN JOURNAL OF HUMAN BIOLOGY,,,10420533,10.1002/ajhb.70024,,Web of Science (JCR); Scopus (SJR),1.7,Q1,90,origem=planilha_nova | sincronizado_revisao
238,Paulo Felipe Ribeiro Bandeira,"LACERDA, LUANNA ALVES SILVA",2025,"Tradução, adaptação transcultural e validação de um inquérito de saúde bucal para gestantesTranslation, cross-cultural adaptation, and validation of an oral health survey for pregnant women. Rev Rene, v. 26, p. e94319, 2025",artigo,Rev Rene,,,,,,,,,,origem=planilha_nova | sincronizado_revisao
239,Clarice Maria de Lucena Martins,"LARSEN, M. N",2021,Fitness and performance testing of male and female beach soccer players ? a preliminary investigation,artigo,Frontiers in Sports and active Living,,,26249367,10.3389/fspor.2025.1724991,,Web of Science (JCR); Scopus (SJR),2.6,Q2,90,origem=planilha_nova | sincronizado_revisao
240,Lucas Eduardo Rodrigues dos Santos,"LATTARI, EDUARDO",2022,"Transcranial Direct Current Stimulation Combined With or Without Caffeine: Effects on Training Volume and Pain Perception. RESEARCH QUARTERLY FOR EXERCISE AND SPORT, v. 00, p. 1-10, 2022",artigo,RESEARCH QUARTERLY FOR EXERCISE AND SPORT,,,02701367,10.1080/02701367.2025.2515968,,Web of Science (JCR); Scopus (SJR),1.6,Q3,90,origem=planilha_nova | sincronizado_revisao
241,Tony Meireles dos Santos,"LATTARI, EDUARDO",2022,"Transcranial Direct Current Stimulation Combined With or Without Caffeine: Effects on Training Volume and Pain Perception. RESEARCH QUARTERLY FOR EXERCISE AND SPORT, v. 1, p. 1-10, 2022",artigo,RESEARCH QUARTERLY FOR EXERCISE AND SPORT,,,02701367,10.1080/02701367.2025.2515968,,Web of Science (JCR); Scopus (SJR),1.6,Q3,90,origem=planilha_nova | sincronizado_revisao
242,Paulo Felipe Ribeiro Bandeira,"LEAL, MARINA GONÇALVES",2024,"Spaced Use of Social Media Apps Among Motor Practice Trials Impacts Performance Without Influencing Mental Fatigue and Motor Learning. JOURNAL OF MOTOR LEARNING AND DEVELOPMENT, v. 13, p. 1-14, 2024",artigo,JOURNAL OF MOTOR LEARNING AND DEVELOPMENT,,,,,,Scopus (SJR),,,90,origem=planilha_nova | sincronizado_revisao
243,André dos Santos Costa,"LEAO, M. M",2025,"ASSOCIAÇÃO ENTRE OS NÍVEIS DE ATIVIDADE FÍSICA E ANSIEDADE, ESTRESSE E DEPRESSÃO EM PACIENTES COM TRANSTORNO OBSESSIVO COMPULSIVOASSOCIATION BETWEEN LEVELS OF PHYSICAL ACTIVITY AND ANXIETY, STRESS, AND DEPRESSION IN PATIENTS WITH OBSESSIVE-COMPULSIVE DISORDER. Acta Biologica Brasiliensia, v. 8, p. 399-416, 2025",artigo,Acta Biologica Brasiliensia,,,,,,,,,,origem=planilha_nova | sincronizado_revisao
244,Ozeas de Lima Lins Filho,"LELLYS, L. T",2023,"RESILIÊNCIA EM ATLETAS PARALÍMPICOS DE ATLETISMO: UM ESTUDO COMPARATIVO. Revista da Associação Brasileira de Atividade Motora Adaptada, v. 24, p. 29-38, 2023",artigo,Revista da Associação Brasileira de Atividade Motora Adaptada,,,,,,,,,,origem=planilha_nova | sincronizado_revisao
245,Clarice Maria de Lucena Martins,"LEMOS, LUÍS",2021,"24-hour movement behaviours and fitness in preschoolers: a compositional and isotemporal reallocation analysis. SCANDINAVIAN JOURNAL OF MEDICINE & SCIENCE IN SPORTS, v. 3, p. 30, 2021",artigo,SCANDINAVIAN JOURNAL OF MEDICINE & SCIENCE IN SPORTS,,,,,,Scopus (SJR),,,90,origem=planilha_nova | sincronizado_revisao
246,Clarice Maria de Lucena Martins,"LEMOS, N",2023,"A bibliometric analysis of physical activity interventions and cognition in children and adolescents. SCIENCE & SPORTS, v. 38, p. 582-592, 2023",artigo,SCIENCE & SPORTS,,,,,,Scopus (SJR),,,90,origem=planilha_nova | sincronizado_revisao
247,Paulo Felipe Ribeiro Bandeira,"LEMOS, NATÁLIA BATISTA ALBUQUERQUE GOULART",2024,"Evidence of the validity of the child self-regulation & behaviour questionnaire for the Brazilian context. Infant and Child Development (Print), v. 33, p. 1-16, 2024",artigo,Infant and Child Development (Print),,,,,,,,,,origem=planilha_nova | sincronizado_revisao
248,Clarice Maria de Lucena Martins,"LI, KAI",2023,"The relative age effect on fundamental movement skills in Chinese children aged 3-5 years. BMC Pediatrics, v. 23, p. 150, 2023",artigo,BMC Pediatrics,,,,,,Scopus (SJR),,,90,origem=planilha_nova | sincronizado_revisao
249,Saulo Fernandes Melo de Oliveira,"LIMA FILHA, C. N. M. B",2021,"LIMA FILHA, C",capitulo,,,,,,,,,,45,origem=planilha_nova | sincronizado_revisao
250,Rafael dos Santos Henrique,"LIMA, B",2024,"Biocultural correlates of gross motor coordination in prepubescent children: A cross-sectional study. AMERICAN JOURNAL OF HUMAN BIOLOGY, v. 36, p. e24002, 2024",artigo,AMERICAN JOURNAL OF HUMAN BIOLOGY,,,10420533,10.1002/ajhb.70024,,Web of Science (JCR); Scopus (SJR),1.7,Q1,90,origem=planilha_revisada
251,André dos Santos Costa,"LIMA, C. O. M. F",2022,"Efeitos de duas estratégias nutricionais associadas ao treinamento de força sobre parâmetros antropométricos, composição corporal e consumo alimentar em idosas: estudo randomizado controlado.. REVISTA BRASILEIRA DE PRESCRIÇÃO E FISIOLOGIA DO EXERCÍCIO, v. 15, p. 399-407, 2022",artigo,REVISTA BRASILEIRA DE PRESCRIÇÃO E FISIOLOGIA DO EXERCÍCIO,,,,,,,,,,origem=planilha_nova | sincronizado_revisao
252,Leonardo Gomes de Oliveira Luz,"LIMA, C. V. P",2023,"Cunha Júnior, A",capitulo,,,,,,,,,,45,origem=planilha_nova | sincronizado_revisao
253,Paulo Felipe Ribeiro Bandeira,"LIMA, C. V. P",2023,"BANDEIRA, PAULO FELIPE RIBEIRO ; PINHEIRO, I",capitulo,,,,,,,,,,45,origem=planilha_nova | sincronizado_revisao
254,Leonardo Gomes de Oliveira Luz,"LIMA, C. V. P",2023,"What are the correlates of intention to be physically active in Brazilian adolescents? A network analysis. BMC PUBLIC HEALTH, v. 23, p. 2460, 2023",artigo,BMC PUBLIC HEALTH,,,,,,Scopus (SJR),,,90,origem=planilha_nova | sincronizado_revisao
255,Paulo Felipe Ribeiro Bandeira,"LIMA, CAYO VINNYCIUS PEREIRA",2023,"What are the correlates of intention to be physically active in Brazilian adolescents? A network analysis. BMC PUBLIC HEALTH, v. 23, p. 1-10, 2023",artigo,BMC PUBLIC HEALTH,,,,,,Scopus (SJR),,,90,origem=planilha_nova | sincronizado_revisao
256,Vilde Gomes de Menezes,"LIMA, DIEGO DE MELO",2026,"Effect of Physical Activity on Drug Expenditures for the Physical and Mental Health of Primary Care Users. International Journal of Environmental Research and Public Health, v. 23, p. 221, 2026",artigo,International Journal of Environmental Research and Public Health,,,16604601,10.3390/ijerph23020221,,Web of Science (JCR); Scopus (SJR),,,90,origem=planilha_revisada
257,Paulo Roberto Cavalcanti Carvalho,"LIMA, HELIZÂNIO JOSÉ DE FARIAS",2024,"Análise dos espaços públicos para prática de atividade física no Distrito Sanitário II do RECIFE/PE. REVISTA ELETRÔNICA ACERVO EM SAÚDE, v. 24, p. e14390, 2024",artigo,REVISTA ELETRÔNICA ACERVO EM SAÚDE,,,,,,,,,,origem=planilha_nova | sincronizado_revisao
258,Saulo Fernandes Melo de Oliveira,"Lima, Isael João",2025,"PERFIL DAS PESSOAS COM DEFICIÊNCIA NA EDUCAÇÃO FÍSICA: UMA REVISÃO INTEGRATIVA. Gestus (Vitória de Santo Antão), v. 1, p. 83-89, 2025",artigo,Gestus (Vitória de Santo Antão),,,18089712,10.5281/zenodo.16649241,,,,,,origem=planilha_revisada
259,Paulo Felipe Ribeiro Bandeira,"LIMA, L. M. P",2023,"CUNHA JUNIOR, A",capitulo,,,,,,,,,,45,origem=planilha_nova | sincronizado_revisao
260,André dos Santos Costa,"LIMA, V. F",2023,"Ansiedade-Estado Competitiva em Atletas Profissionais e Amadoras de Futebol Feminino.. Revista Brasileira de Educação Física e Esporte, v. 37, p. 1-10, 2023",artigo,Revista Brasileira de Educação Física e Esporte,,,,,,,,,,origem=planilha_nova | sincronizado_revisao
261,Bruno Teixeira Barbosa,"LIMA-JUNIOR, DALTON DE",2024,"Effects of smartphone use before resistance exercise on inhibitory control, heart rate variability, and countermovement jump. Applied Neuropsychology-Adult, v. 31, p. 48-55, 2024",artigo,Applied Neuropsychology-Adult,,,,,,Scopus (SJR),,,90,origem=planilha_nova | sincronizado_revisao
262,Saulo Fernandes Melo de Oliveira,"LINHARES, M",2023,"Examining strength, muscular power, and maximal performance in the power clean among CrossFit® practitioners. JOURNAL OF PHYSICAL EDUCATION AND SPORT, v. 23, p. 3119-3126, 2023",artigo,JOURNAL OF PHYSICAL EDUCATION AND SPORT,,,2247806X,,,Scopus (SJR),,,90,origem=planilha_nova | sincronizado_revisao
263,Ozeas de Lima Lins Filho,"LINS-FILHO, ODL",2023,"ASSOCIATION BETWEEN SLEEP QUALITY AND CARDIAC AUTONOMIC MODULATION IN ADOLESCENTS: A CROSS SECTIONAL STUDY.. Sleep Science (Online), v. 16, p. 462-467, 2023",artigo,Sleep Science (Online),,,,,,,,,,origem=planilha_nova | sincronizado_revisao
264,Ozeas de Lima Lins Filho,"LINS-FILHO, OZEAS",2024,"Effect of 12-week high-intensity interval training on hemodynamic variables at rest and during exercise in patients with obstructive sleep apnoea. JOURNAL OF HYPERTENSION, v. 00, p. 1, 2024",artigo,JOURNAL OF HYPERTENSION,,,,,,Scopus (SJR),,,90,origem=planilha_nova | sincronizado_revisao
265,Ozeas de Lima Lins Filho,"LINS-FILHO, OZEAS",2022,"Sleep and circadian rhythm. Impact of COVID-19.. Jornal Brasileiro de Pneumologia (Online), v. 48, p. 3-4, 2022",artigo,Jornal Brasileiro de Pneumologia (Online),,,,,,,,,,origem=planilha_nova | sincronizado_revisao
266,Rafael dos Santos Henrique,"LIRA, C. T. C",2024,"Examining the Effects of Strength Training with Load Progression on Sleep Parameters and Mental Health in College Students. SLEEP SCIENCE (IMPRESSO), p. e134, 2024",artigo,,,,,,,,,,,origem=planilha_nova | sincronizado_revisao
267,Leonardo Gomes de Oliveira Luz,"LUZ, L. G. O",2023,"O.; Cunha Júnior, A",livro,,,,,,,,,,90,origem=planilha_nova | sincronizado_revisao
268,Leonardo Gomes de Oliveira Luz,"LUZ, L. G. O",2021,"How to be physically active undersocial distancing? You need to exercise!. Revista de Educação Física, v. 90, p. 157-162, 2021",artigo,Revista de Educação Física,,,,,,,,,,origem=planilha_nova | sincronizado_revisao
269,Leonardo Gomes de Oliveira Luz,"LUZ, TATIANA D.D",2026,"Associations Between Physical Activity and Quality of Life in University Students during the COVID-19 Pandemic. Health and Quality of Life Outcomes, v. 1, p. 1, 2026",artigo,Health and Quality of Life Outcomes,,,14777525,10.1186/s12955-026-02495-y,,Web of Science (JCR); Scopus (SJR),3.4,Q1,90,origem=planilha_revisada
270,Leonardo Gomes de Oliveira Luz,"LUZ, TATIANA D.D",2026,Physical Activity prevalence and Sex-associated factors among university students during the first year of the Covid-19 pandemic: a cross-sectional study,artigo,SPORTS,,,20754663,10.3390/sports14020070,,Scopus (SJR),,,90,origem=planilha_revisada
271,Paulo Felipe Ribeiro Bandeira,"MACHADO, S. T. S",2022,"RECURSOS NATURAIS COMO ALTERNATIVA TERAPÊUTICA EM UMA PERSPECTIVA DE GÊNEROS E URBANIZAÇÃO. ETHNOSCIENTIA, v. 07, p. 27-50, 2022",artigo,ETHNOSCIENTIA,,,,,,,,,,origem=planilha_nova | sincronizado_revisao
272,Saulo Fernandes Melo de Oliveira,"Machado, Taynara",2024,"Machado, Taynara ; COSTA JUNIOR, E",capitulo,,,,,,,,,,45,origem=planilha_nova | sincronizado_revisao
273,Saulo Fernandes Melo de Oliveira,"Machado, Taynara",2021,"Efectos de la práctica de artes marciales en personas con discapacidad intelectual: una revisión sistemática. Revista Andaluza de Medicina Del Deporte, v. 14, p. Avance-192, 2021",artigo,Revista Andaluza de Medicina Del Deporte,,,,,,Scopus (SJR),,,90,origem=planilha_nova | sincronizado_revisao
274,Ozeas de Lima Lins Filho,"MAGALHAES, J. A",2021,"Prevalence of masked hypertension evaluated by home blood pressure monitoring in a large sample of patients with office blood pressure <140/90 mmHg. BLOOD PRESSURE MONITORING, v. Publish Ahead of Print, p. 1-6, 2021",artigo,BLOOD PRESSURE MONITORING,,,,,,Scopus (SJR),,,90,origem=planilha_nova | sincronizado_revisao
275,Leonardo Gomes de Oliveira Luz,"MARINHO, BLENA",2024,"Generic motor tests as tools to identify sports talent: a systematic review. Human Movement, v. 25, p. 53-63, 2024",artigo,Human Movement,,,,,,Scopus (SJR),,,90,origem=planilha_nova | sincronizado_revisao
276,Rafael dos Santos Henrique,"MARTINS, C. M. L",2026,"Age- and Sex-Specific Percentile Curves for the Test of Gross Motor Development From 7,263 Children Aged 3-5 Years From 13 Countries. JOURNAL OF MOTOR LEARNING AND DEVELOPMENT, v. 14, p. 1, 2026",artigo,JOURNAL OF MOTOR LEARNING AND DEVELOPMENT,,,,,,Scopus (SJR),,,90,origem=planilha_nova | sincronizado_revisao
277,Paulo Felipe Ribeiro Bandeira,"MARTINS, C. M. L",2021,"Identifying Fundamental Motor Skills Building Blocks in Preschool Children From Brazil and the United States: A Network Analysis. JOURNAL OF MOTOR LEARNING AND DEVELOPMENT, p. 1-20, 2021",artigo,,,,,,,,,,,origem=planilha_nova | sincronizado_revisao
278,Paulo Felipe Ribeiro Bandeira,"MARTINS, C. M. L",2021,A atividade física como um sistema complexo adaptativo: contribuições para as Políticas Públicas em Saúde,capitulo,,,,,,,,,,45,origem=planilha_nova | sincronizado_revisao
279,Clarice Maria de Lucena Martins,"MARTINS, C",2021,"The combination of three movement behaviours is associated with object control skills, but not locomotor skills, in preschoolers. EUROPEAN JOURNAL OF PEDIATRICS, p. 1, 2021",artigo,,,,,,,,,,,origem=planilha_nova | sincronizado_revisao
280,Clarice Maria de Lucena Martins,"MARTINS, C",2021,"School-Time Movement Behaviors and Fundamental Movement Skills in Preschoolers: An Isotemporal Reallocation Analysis. PERCEPTUAL AND MOTOR SKILLS, p. 003151252110131-33, 2021",artigo,,,,,,,,,,,origem=planilha_nova | sincronizado_revisao
281,Rafael dos Santos Henrique,"MARTINS, CLARICE",2024,"Motor Competence and Body Mass Index in the Preschool Years: A Pooled Cross-Sectional Analysis of 5545 Children from Eight Countries. SPORTS MEDICINE, v. 54, p. 505-516, 2024",artigo,SPORTS MEDICINE,,,,,,Scopus (SJR),,,90,origem=planilha_nova | sincronizado_revisao
282,Paulo Felipe Ribeiro Bandeira,"MARTINS, CLARICE",2023,"Motor Competence and Body Mass Index in the Preschool Years: A Pooled Cross-Sectional Analysis of 5545 Children from Eight Countries. SPORTS MEDICINE, v. 10, p. 1-12, 2023",artigo,SPORTS MEDICINE,,,,,,Scopus (SJR),,,90,origem=planilha_nova | sincronizado_revisao
283,Paulo Felipe Ribeiro Bandeira,"MARTINS, CLARICE",2024,"Motor Competence as Key to Support Healthy Development of 3- to 5-Year-Old Children: An Expert Statement on Behalf of the International Motor Development Research Consortium. JOURNAL OF MOTOR LEARNING AND DEVELOPMENT, v. 12, p. 1-18, 2024",artigo,JOURNAL OF MOTOR LEARNING AND DEVELOPMENT,,,,,,Scopus (SJR),,,90,origem=planilha_nova | sincronizado_revisao
284,Rafael dos Santos Henrique,"MARTINS, CLARICE",2024,"Sex differences in 3¿ to 5¿year¿old children's motor competence: A pooled cross¿sectional analysis of 6241 children. SCANDINAVIAN JOURNAL OF MEDICINE & SCIENCE IN SPORTS, v. 34, p. e14651, 2024",artigo,SCANDINAVIAN JOURNAL OF MEDICINE & SCIENCE IN SPORTS,,,,,,Scopus (SJR),,,90,origem=planilha_nova | sincronizado_revisao
285,Paulo Felipe Ribeiro Bandeira,"MARTINS, CLARICE",2024,"Sex differences in 3- to 5-year-old children's motor competence: A pooled cross-sectional analysis of 6241 children. SCANDINAVIAN JOURNAL OF MEDICINE & SCIENCE IN SPORTS, v. 34, p. 1-14, 2024",artigo,SCANDINAVIAN JOURNAL OF MEDICINE & SCIENCE IN SPORTS,,,,,,Scopus (SJR),,,90,origem=planilha_nova | sincronizado_revisao
286,Paulo Felipe Ribeiro Bandeira,"MARTINS, CLARICE",2026,"Age- and Sex-Specific Percentile Curves for the Test of Gross Motor Development From 7,263 Children Aged 3-5 Years From 13 Countries. JOURNAL OF MOTOR LEARNING AND DEVELOPMENT, v. 14, p. 1-14, 2026",artigo,JOURNAL OF MOTOR LEARNING AND DEVELOPMENT,,,,,,Scopus (SJR),,,90,origem=planilha_nova | sincronizado_revisao
287,Paulo Felipe Ribeiro Bandeira,"MARTINS, CLARICE",2021,"The combination of three movement behaviours is associated with object control skills, but not locomotor skills, in preschoolers. EUROPEAN JOURNAL OF PEDIATRICS, v. 1, p. 1, 2021",artigo,EUROPEAN JOURNAL OF PEDIATRICS,,,,,,Scopus (SJR),,,90,origem=planilha_nova | sincronizado_revisao
288,Clarice Maria de Lucena Martins,"MARTINS, CLARICE",2023,"Motor Competence and Body Mass Index in the Preschool Years: A Pooled Cross-Sectional Analysis of 5545 Children from Eight Countries. SPORTS MEDICINE, v. 1, p. 1, 2023",artigo,SPORTS MEDICINE,,,,,,Scopus (SJR),,,90,origem=planilha_nova | sincronizado_revisao
289,Clarice Maria de Lucena Martins,"MARTINS, CLARICE",2021,"Identifying Fundamental Motor Skills Building Blocks in Preschool Children From Brazil and the United States: A Network Analysis. JOURNAL OF MOTOR LEARNING AND DEVELOPMENT, v. 10, p. 1-20, 2021",artigo,JOURNAL OF MOTOR LEARNING AND DEVELOPMENT,,,,,,Scopus (SJR),,,90,origem=planilha_nova | sincronizado_revisao
290,Saulo Fernandes Melo de Oliveira,"MATEUS, GREYCE ANY SOUSA",2022,"Effect of Fatigue and Graded Running on Kinematics and Kinetics Parameters in Triathletes. INTERNATIONAL JOURNAL OF SPORTS MEDICINE, p. 1, 2022",artigo,,,,,,,,,,,origem=planilha_nova | sincronizado_revisao
291,André dos Santos Costa,"MATIAS, G. H. L",2021,Effect of 12 weeks of recreational soccer on bone mineral density and sarcopenia in the elderly: a randomized clinical trial Changes the Mineral,artigo,JOURNAL OF PHYSICAL EDUCATION (ONLINE),,,24482455,10.4025/jphyseduc.v36i1.3607,,Scopus (SJR),,,90,origem=planilha_nova | sincronizado_revisao
292,André dos Santos Costa,"MATIAS, G. H. L",2021,"Efeito de 12 Semanas do Futebol Recreativo nas Funções Executivas e na Funcionalidade em Idosos.. Revista Brasileira de Educação Física e Esporte, v. 35, p. 155-162, 2021",artigo,Revista Brasileira de Educação Física e Esporte,,,,,,,,,,origem=planilha_nova | sincronizado_revisao
293,Rafael dos Santos Henrique,"MATOS, M. A",2025,"Understanding the mediating role of anthropometry and body composition in the relationship between biological maturation and sport-specific performance in young swimmers. JOURNAL OF SPORTS SCIENCES, v. 43, p. 2517-2527, 2025",artigo,JOURNAL OF SPORTS SCIENCES,,,02640414,10.1080/02640414.2025.2540202,,Web of Science (JCR); Scopus (SJR),2.5,Q2,90,origem=planilha_revisada
294,Saulo Fernandes Melo de Oliveira,"MEDEIROS RIBEIRO, ANA FLÁVIA",2025,Profile of para athletes and characterization of sports injuries during the 2023 Paralympic School Games,artigo,International Biomechanics,,,23335432,10.1080/23335432.2025.2531944,,Scopus (SJR),,,90,origem=planilha_revisada
295,Tony Meireles dos Santos,"MEIRELES SANTOS, TONY",2026,Teorias comportamentais podem ajudar na adesão,capitulo,,,,,,,,,,45,origem=planilha_nova | sincronizado_revisao
296,Saulo Fernandes Melo de Oliveira,"MELO, J. H. M. V",2023,"CORRELAÇÕES ENTRE A CINEMÁTICA E CINÉTICA PROPULSIVA EM UM TESTE COM DINAMÔMETRO COMPACTO DE CADEIRAS DE RODAS: UM ESTUDO PILOTO. Revista da Associação Brasileira de Atividade Motora Adaptada, v. 24, p. 59-72, 2023",artigo,Revista da Associação Brasileira de Atividade Motora Adaptada,,,,,,,,,,origem=planilha_nova | sincronizado_revisao
297,Guilherme Assunção Ferreira,"MENDES, M",2025,"Self-reported carbohydrate supercompensation and supplementation strategies adopted by Olympic triathlon athletes. Brazilian Journal of Medical and Biological Research (on line), v. 58, p. e14189, 2025",artigo,Brazilian Journal of Medical and Biological Research (on line),,,,,,,,,,origem=planilha_nova | sincronizado_revisao
298,Paulo Felipe Ribeiro Bandeira,"MENDONCA, G. C",2022,AUTISMO: SUJEITO DO BULLIYNG,capitulo,,,,,,,,,,45,origem=planilha_nova | sincronizado_revisao
299,Paulo Felipe Ribeiro Bandeira,"MENDONCA, G. C",2022,"TRANSTORNO DO ESPECTRO AUTISTA, HABILIDADES MOTORAS E COMPORTAMENTO DE MOVIMENTO ? 24 HORAS",capitulo,,,,,,,,,,45,origem=planilha_nova | sincronizado_revisao
300,Bruno Teixeira Barbosa,"MENESES, A. B. C",2022,O efeito de diferentes intensidades de caminhada na hipotensão pós exercício em idosas hipertensas,capitulo,,,,,,,,,,45,origem=planilha_nova | sincronizado_revisao
301,Vilde Gomes de Menezes,"MENEZES, V",2021,Mudanças à vista no esporte?,capitulo,,,,,,,,,,45,origem=planilha_nova | sincronizado_revisao
302,Vilde Gomes de Menezes,"MENEZES, V. G",2021,"G.; AGUADO, D",capitulo,,,,,,,,,,45,origem=planilha_nova | sincronizado_revisao
303,Vilde Gomes de Menezes,"MENEZES, VILDE GOMES",2021,"MENEZES, VILDE GOMES; AGUADO, D",capitulo,,,,,,,,,,45,origem=planilha_nova | sincronizado_revisao
304,Vilde Gomes de Menezes,"MENEZES, VILDE GOMES",2021,"MENEZES, VILDE GOMES; AMORIM, A",livro,,,,,,,,,,90,origem=planilha_nova | sincronizado_revisao
305,Daniel da Rocha Queiroz,"MORAES, D. U",2022,"Physical Activity Guidelines for the Brazilian Population: Recommendations Report. Journal of Physical Activity & Health, v. 19, p. 1-8, 2022",artigo,Journal of Physical Activity & Health,,,,,,Scopus (SJR),,,90,origem=planilha_nova | sincronizado_revisao
306,Saulo Fernandes Melo de Oliveira,"MOREIRA, V. M",2023,"Analysis of Muscle Strength and Electromyographic Activity during Different Deadlift Positions. Muscles, v. 2, p. 218-227, 2023",artigo,Muscles,,,,,,Scopus (SJR),,,90,origem=planilha_nova | sincronizado_revisao
307,Eduardo Zapaterra Campos,"MOURA, H. P. S. N",2022,"Acute Low-Dose Capsiate Supplementation Improves Upper Body Resistance Exercise Performance in Trained Men: A Randomized, Crossover and Double-Blind Study. INTERNATIONAL JOURNAL OF EXERCISE SCIENCE, v. 15, p. 1007-1018, 2022",artigo,INTERNATIONAL JOURNAL OF EXERCISE SCIENCE,,,10071018,,,Scopus (SJR),,,90,origem=planilha_nova | sincronizado_revisao
308,Rafael dos Santos Henrique,"MOURA, RAONY ESPÍNDOLA",2024,"Monitoring Bar Velocity to Quantify Fatigue in Resistance Training. INTERNATIONAL JOURNAL OF SPORTS MEDICINE, v. 45, p. 624-632, 2024",artigo,INTERNATIONAL JOURNAL OF SPORTS MEDICINE,,,01724622,10.1055/a-2674-4030,,Web of Science (JCR); Scopus (SJR),2.2,Q2,90,origem=planilha_nova | sincronizado_revisao
309,André dos Santos Costa,"MOURA, T. C. B",2023,"Percepção de Professores e Alunos sobre o uso de Tecnologias Interativas nas aulas de Educação Física.. EDUCACIÓN FÍSICA Y CIENCIA, v. 25, p. 1-11, 2023",artigo,EDUCACIÓN FÍSICA Y CIENCIA,,,,,,,,,,origem=planilha_nova | sincronizado_revisao
310,Daniel da Rocha Queiroz,"MOURA-DOS-SANTOS, M. A",2021,"The influence of anthropometric variables, body composition, propulsive force and maturation on 50m freestyle swimming performance in junior swimmers: An allometric approach. JOURNAL OF SPORTS SCIENCES, v. 39, p. 1-6, 2021",artigo,JOURNAL OF SPORTS SCIENCES,,,02640414,10.1080/02640414.2025.2540202,,Web of Science (JCR); Scopus (SJR),2.5,Q2,90,origem=planilha_nova | sincronizado_revisao
311,Paulo Felipe Ribeiro Bandeira,"NASCIMENTO, J. Y. V",2023,Factors associated with active and sedentary behaviors in Brazilian adolescents: a network analysis,artigo,REVISTA BRASILEIRA DE ATIVIDADE FÍSICA E SAÚDE,,,23171634,10.12820/rbafs.30e0411,,Scopus (SJR),,,90,origem=planilha_nova | sincronizado_revisao
312,Vilde Gomes de Menezes,"NASCIMENTO, JOSÉ HENRIQUE ARRUDA",2025,"Educação em saúde: contribuições para a educação física escolar no contexto brasileiro. CUADERNOS DE EDUCACIÓN Y DESARROLLO, v. 17, p. e7563, 2025",artigo,CUADERNOS DE EDUCACIÓN Y DESARROLLO,,,19894155,10.55905/cuadv17n4-164,,,,,,origem=planilha_nova | sincronizado_revisao
313,Rafael dos Santos Henrique,NCD Risk Factor Collaboration,2023,"Diminishing benefits of urban living for children and adolescents? growth and development. NATURE, v. 615, p. 874-883, 2023",artigo,NATURE,,,,,,Scopus (SJR),,,90,origem=planilha_nova | sincronizado_revisao
314,Rafael dos Santos Henrique,NCD Risk Factor Collaboration,2024,"Worldwide trends in underweight and obesity from 1990 to 2022: a pooled analysis of 3663 population- representative studies with 222 million children, adolescents, and adults. LANCET, v. 1, p. 1-46, 2024",artigo,LANCET,,,,,,,,,,origem=planilha_nova | sincronizado_revisao
315,Lucas Eduardo Rodrigues dos Santos,"NHABOMBA, H. M",2025,"Impact of financial fair play regulation on the economic and financial sustainability of football clubs ? a systematic review of the literature and meta-analyses. CONTRIBUCIONES A LAS CIENCIAS SOCIALES, v. 18, p. 1-29, 2025",artigo,CONTRIBUCIONES A LAS CIENCIAS SOCIALES,,,19887833,10.55905/revconv.18n.3-210,,,,,,origem=planilha_nova | sincronizado_revisao
316,Vilde Gomes de Menezes,"Nhabomba, Humberto Mateus",2025,"Impacto da regulamentação do fair play financeiro na sustentabilidade económica e financeira dos clubes de futebol ? uma revisão sistemática da literatura e metanálises. CONTRIBUCIONES A LAS CIENCIAS SOCIALES, v. 18, p. 1-29, 2025",artigo,CONTRIBUCIONES A LAS CIENCIAS SOCIALES,,,19887833,10.55905/revconv.18n.3-210,,,,,,origem=planilha_revisada
317,Vilde Gomes de Menezes,"Nhabomba, Humberto Mateus",2025,"Indicadores da Saúde Financeira dos Clubes de Futebol Profissionais. REVISTA INTERCONTINENTAL DE GESTÃO DESPORTIVA, v. 15, p. 2-16, 2025",artigo,REVISTA INTERCONTINENTAL DE GESTÃO DESPORTIVA,,,22373373,10.51995/2237-3373,,,,,,origem=planilha_revisada
318,Lucas Eduardo Rodrigues dos Santos,"NHABOMBA, HUMBERTO MATEUS",2025,"INDICADORES DA SAÚDE FINANCEIRA DOS CLUBES DE FUTEBOL PROFISSIONAIS - UMA REVISÃO DE ESCOPO. REVISTA INTERCONTINENTAL DE GESTÃO DESPORTIVA, v. 15, p. e110015-16, 2025",artigo,REVISTA INTERCONTINENTAL DE GESTÃO DESPORTIVA,,,22373373,10.51995/2237-3373,,,,,,origem=planilha_nova | sincronizado_revisao
319,Eduardo Zapaterra Campos,"NORBERTO, M. S",2023,"Two Different Approaches to Dry-land Training Do Not Improve the Water Performance of Swimmers. INTERNATIONAL JOURNAL OF EXERCISE SCIENCE, v. 16, p. 770-790, 2023",artigo,INTERNATIONAL JOURNAL OF EXERCISE SCIENCE,,,,,,Scopus (SJR),,,90,origem=planilha_nova | sincronizado_revisao
320,Tony Meireles dos Santos,"OLIVEIRA, BRUNO R. R",2021,Can the self-selection of aerobic exercise be used in individuals with different cardiorespiratory fitness levels?,artigo,SPORT SCIENCES FOR HEALTH (TESTO STAMPATO),,,18247490,10.1007/s11332-024-01295-5,,Web of Science (JCR); Scopus (SJR),1.3,Q3,90,origem=planilha_nova | sincronizado_revisao
321,Tony Meireles dos Santos,"OLIVEIRA, BRUNO RIBEIRO RAMALHO",2021,"Acute affective responses to high-intensity interval exercise: implications on the use of different stimulus-recovery amplitudes. European Journal of Sport Science, v. 1, p. 1-26, 2021",artigo,European Journal of Sport Science,,,,,,Scopus (SJR),,,90,origem=planilha_nova | sincronizado_revisao
322,Vilde Gomes de Menezes,"OLIVEIRA, DAYZI SILVA",2023,"Agenda de pesquisa em programas de pós-graduação (stricto sensu) na temática Educação em Saúde no período 2015-2019. REVISTA BRASILEIRA DE EDUCAÇÃO, v. 28, p. 1-22, 2023",artigo,REVISTA BRASILEIRA DE EDUCAÇÃO,,,20152019,,,Scopus (SJR),,,90,origem=planilha_nova | sincronizado_revisao
323,Saulo Fernandes Melo de Oliveira,"OLIVEIRA, J. I. V",2023,"Content Validation and Inter-rater Reliability of a Protocol for The Precision Assessment of Boccia Players. JOURNAL OF HUMAN SPORT AND EXERCISE, v. 18, p. 964-973, 2023",artigo,JOURNAL OF HUMAN SPORT AND EXERCISE,,,,,,Scopus (SJR),,,90,origem=planilha_nova | sincronizado_revisao
324,Saulo Fernandes Melo de Oliveira,"OLIVEIRA, J. I. V",2021,"Reprodutibilidade teste-reteste de uma bateria de avaliação motora para jogadores de bocha paralímpica. Revista Andaluza de Medicina Del Deporte, v. 14, p. 70, 2021",artigo,Revista Andaluza de Medicina Del Deporte,,,,,,Scopus (SJR),,,90,origem=planilha_nova | sincronizado_revisao
325,Saulo Fernandes Melo de Oliveira,"OLIVEIRA, J. I. V",2023,"A ADIPOSIDADE CORPORAL E A AMPLITUDE ARTICULAR DE OMBROS PODEM INFLUENCIAR NO DESEMPENHO DA FORÇA EXPLOSIVA DOS MEMBROS SUPERIORES EM LANÇADORES PARALÍMPICOS?. Revista da Associação Brasileira de Atividade Motora Adaptada, v. 24, p. 188-201, 2023",artigo,Revista da Associação Brasileira de Atividade Motora Adaptada,,,,,,,,,,origem=planilha_nova | sincronizado_revisao
326,Saulo Fernandes Melo de Oliveira,"OLIVEIRA, J. I. V",2023,"Para Powerlifting Performance: A Systematic Review. INTERNATIONAL JOURNAL OF SPORTS MEDICINE, p. 1-9, 2023",artigo,,,,,,,,,,,origem=planilha_nova | sincronizado_revisao
327,Saulo Fernandes Melo de Oliveira,"Oliveira, José Igor Vasconcelos",2021,"Protocolo para avaliação da precisão de jogadores de bocha paralímpica. REVISTA BRASILEIRA DE MEDICINA DO ESPORTE (ONLINE), v. 27, p. 616-620, 2021",artigo,REVISTA BRASILEIRA DE MEDICINA DO ESPORTE (ONLINE),,,,,,,,,,origem=planilha_nova | sincronizado_revisao
328,Saulo Fernandes Melo de Oliveira,"Oliveira, José Igor Vasconcelos",2021,Impacts of home-based physical exercises on the health of people with spinal cord injury: a systematic review,artigo,REVISTA BRASILEIRA DE ATIVIDADE FÍSICA E SAÚDE,,,23171634,10.12820/rbafs.30e0411,,Scopus (SJR),,,90,origem=planilha_nova | sincronizado_revisao
329,Vilde Gomes de Menezes,"Oliveira, José Vanbaster",2023,Educação física e cibercultura em Escolas de Referência em Ensino Médio (EREM) da região metropolitana do Recife -PE,artigo,,,,25954377,10.22456/2595-4377.134181,,,,,,origem=planilha_nova | sincronizado_revisao
330,Rafael dos Santos Henrique,"OLIVEIRA, M. N. S",2021,"Anthropometric variables, propulsive force and biological maturation: A mediation analysis in young swimmers. European Journal of Sport Science, v. 21, p. 507-514, 2021",artigo,European Journal of Sport Science,,,,,,Scopus (SJR),,,90,origem=planilha_nova | sincronizado_revisao
331,Daniel da Rocha Queiroz,"OLIVEIRA, MARIANA",2021,"Anthropometric variables, propulsive force and biological maturation: A mediation analysis in young swimmers. European Journal of Sport Science, v. 21, p. 507-514, 2021",artigo,European Journal of Sport Science,,,,,,Scopus (SJR),,,90,origem=planilha_nova | sincronizado_revisao
332,Melissa Leandro Celestino,"OLIVEIRA, N. S",2025,Gender Gap in Gross Motor Coordination among Low-Income Brazilian Children,artigo,Vulnerable Children and Youth Studies (Print),,,17450128,10.1080/17450128.2025.2575325,,Web of Science (JCR); Scopus (SJR),0.9,Q3,90,origem=planilha_nova | sincronizado_revisao
333,Saulo Fernandes Melo de Oliveira,"OLIVEIRA, S. F. M",2022,"Heart rate, oxygen uptake, and energy expenditure response of an SL3 class parabadminton athlete to a progressive test and simulated training session: a case study. Applied Physiology Nutrition and Metabolism, p. 1-5, 2022",artigo,,,,,,,,,,,origem=planilha_nova | sincronizado_revisao
334,Saulo Fernandes Melo de Oliveira,"OLIVEIRA, S. F. M",2025,Effects of wheelchair sports practice on body composition of people with spinal cord injury,artigo,Revista Brasileira de Cineantropometria e Desempenho Humano,,,19800037,10.1590/1980-0037.2025v27e89829,,Scopus (SJR),,,90,origem=planilha_revisada
335,Saulo Fernandes Melo de Oliveira,"OLIVEIRA, S. F. M",2024,"Physiological and metabolic responses of Parabadminton athletes to field simulated effort. THE JOURNAL OF SPORTS MEDICINE AND PHYSICAL FITNESS, v. 1, p. 1-9, 2024",artigo,THE JOURNAL OF SPORTS MEDICINE AND PHYSICAL FITNESS,,,18271928,10.23736/S0022-4707.25.16698-X,,Web of Science (JCR); Scopus (SJR),,,90,origem=planilha_nova | sincronizado_revisao
336,Saulo Fernandes Melo de Oliveira,"OLIVEIRA, SAULO F. M",2025,"Muscle activation in wheelchair Parabadminton: Effects of intensity and racket use. JOURNAL OF SPINAL CORD MEDICINE, p. 1-10, 2025",artigo,,,,,,,,,,,origem=planilha_nova | sincronizado_revisao
337,Saulo Fernandes Melo de Oliveira,"OLIVEIRA, Saulo",2025,Change of direction profile in parabadminton: the role of impairment type and anthropometric factors,artigo,Advances in Rehabilitation,,,17344948,10.5114/areh.2025.153216,,Scopus (SJR),,,90,origem=planilha_revisada
338,Lucas Eduardo Rodrigues dos Santos,"ORDÔNIO, TAYRINE FIGUEIRA",2021,"The Relevance of a Physical Active Lifestyle and Physical Fitness on Immune Defense: Mitigating Disease Burden, With Focus on COVID-19 Consequences. Frontiers in Immunology, v. 12, p. 1, 2021",artigo,Frontiers in Immunology,,,,,,Scopus (SJR),,,90,origem=planilha_nova | sincronizado_revisao
339,Rafael dos Santos Henrique,"PACHECO, A. L. G",2024,"The Similarity degree of the anthropometric and body compo-sition variables of Brazilian and Mozambican schoolchildren: a new approach using Smoothed Jaccard Index Surface. Children-Basel, v. 11, p. 804, 2024",artigo,Children-Basel,,,,,,,,,,origem=planilha_nova | sincronizado_revisao
340,Rafael dos Santos Henrique,"PACHECO, A. L. G",2026,Error reduction as a calibration strategy for body composition measurements: A comparison between bioelectrical impedance analysis and dual-energy X-ray absorption,artigo,CLINICAL NUTRITION ESPEN,,,24054577,10.1016/j.clnesp.2025.11.163,,Web of Science (JCR); Scopus (SJR),2.6,Q3,90,origem=planilha_revisada
341,Pedro Pinheiro Paes Neto,"PAES, P. P",2025,"P.; CAMAROTTI JUNIOR, F",capitulo,Ejercicio salud y sociedad: una mirada mutidisciplinar,,,9791370062781,,,,,,45,origem=planilha_nova | sincronizado_revisao
342,Pedro Pinheiro Paes Neto,"PAES, P. P",2026,University sports practice and its influence on sleep pattern,artigo,Sport Mont,,,14517485,10.26773/smj,,Scopus (SJR),,,90,origem=planilha_revisada
343,Pedro Pinheiro Paes Neto,"PAES, PEDRO P",2026,"PAES, PEDRO P",capitulo,,,,,,,,,,45,origem=planilha_nova | sincronizado_revisao
344,Vilde Gomes de Menezes,"Paes, Pedro Pinheiro",2021,"Plan de estudios de los cursos de educación física en Brasil y la formación de profesionales en el perfil de los gestores deportivos. Revista peruana de atividade física e ciências do esporte, v. 08, p. 1297-1306, 2021",artigo,Revista peruana de atividade física e ciências do esporte,,,12971306,,,,,,,origem=planilha_nova | sincronizado_revisao
345,Pedro Pinheiro Paes Neto,"PAES, PEDRO PINHEIRO",2025,"A influência da atividade física na saúde mental de escolares de 08 a 12 anos de idade: um estudo transversal. CUADERNOS DE EDUCACIÓN Y DESARROLLO, v. 17, p. e8392, 2025",artigo,CUADERNOS DE EDUCACIÓN Y DESARROLLO,,,19894155,10.55905/cuadv17n4-164,,,,,,origem=planilha_nova | sincronizado_revisao
346,Vilde Gomes de Menezes,"PEDROZA JUNIOR, E. T",2022,"História de vida de ex-jogadores profissionais de futebol em Pernambuco: sonho e influência parental. Revista Brasileira de Educação Física e Esporte, v. 36, p. 1-8, 2022",artigo,Revista Brasileira de Educação Física e Esporte,,,,,,,,,,origem=planilha_nova | sincronizado_revisao
347,Tony Meireles dos Santos,"PERRIER-MELO, RAPHAEL J",2021,"Effect of active versus passive recovery on performance-related outcome during high-intensity interval exercise. JOURNAL OF SPORTS MEDICINE AND PHYSICAL FITNESS, v. 61, p. 562-570, 2021",artigo,JOURNAL OF SPORTS MEDICINE AND PHYSICAL FITNESS,,,,,,Scopus (SJR),,,90,origem=planilha_nova | sincronizado_revisao
348,Clarice Maria de Lucena Martins,"PESSOA, M.L.F",2023,"A six-month multicomponent intervention improves Down syndrome adolescents? physical fitness. SCIENCE & SPORTS, v. 38, p. 96-101, 2023",artigo,SCIENCE & SPORTS,,,,,,Scopus (SJR),,,90,origem=planilha_nova | sincronizado_revisao
349,Paulo Felipe Ribeiro Bandeira,"PESSOA, MARIA LUIZA FELIX",2022,"A six-month multicomponent intervention improves Down syndrome adolescents? physical fitness. SCIENCE & SPORTS, v. 38, p. 1, 2022",artigo,SCIENCE & SPORTS,,,,,,Scopus (SJR),,,90,origem=planilha_nova | sincronizado_revisao
350,Pedro Pinheiro Paes Neto,"PINHEIRO PAES, PEDRO",2021,"Plan de estudios de los cursos de educación física en Brasil y la formación de profesionales en el perfil de los gestores deportivos. Revista Peruana de la Actividad Fisica y del Deporte, v. 1, p. 1297, 2021",artigo,Revista Peruana de la Actividad Fisica y del Deporte,,,,,,,,,,origem=planilha_nova | sincronizado_revisao
351,Bruno Teixeira Barbosa,"PONTES, Y. H. G",2022,Os efeitos de diferentes intensidades e tipos de exercícios aeróbios sobre a hipotensão pós-exercício em idosos hipertensos - uma revisão de literatura,capitulo,,,,,,,,,,45,origem=planilha_nova | sincronizado_revisao
352,Rafael dos Santos Henrique,"PRAZERES, T. M. P",2026,"Do individual and school characteristics influence the siblings´ resemblance of gross motor coordination among Brazilian youth?. Perceptual and Motor Skills, v. 133, p. e-first, 2026",artigo,Perceptual and Motor Skills,,,,,,Scopus (SJR),,,90,origem=planilha_nova | sincronizado_revisao
353,Leonardo Gomes de Oliveira Luz,"PRAZERES, THALIANE MAYARA PESSÔA DOS",2026,"Do Individual and School Characteristics Influence the Siblings' Resemblance of Gross Motor Coordination Among Brazilian Youth?. PERCEPTUAL AND MOTOR SKILLS, v. 6, p. 1, 2026",artigo,PERCEPTUAL AND MOTOR SKILLS,,,,,,Scopus (SJR),,,90,origem=planilha_nova | sincronizado_revisao
354,Daniel da Rocha Queiroz,"QUEIROZ, D. R",2021,"Consumo de álcool e drogas ilícitas e envolvimento de adolescentes em violência física em Pernambuco, Brasil. CADERNOS DE SAÚDE PÚBLICA, v. 37, p. e00050820, 2021",artigo,CADERNOS DE SAÚDE PÚBLICA,,,,,,Scopus (SJR),,,90,origem=planilha_nova | sincronizado_revisao
355,Paulo Felipe Ribeiro Bandeira,"REGO-BARROS, TÉRCIO ARAÚJO DO",2026,"Altersabhängige Unterschiede bei der Leistung in Bezug auf die winkelspezifische Richtungsänderung im Basketball: eine Netzwerkanalyse. German Journal Of Exercise And Sport Research, v. 56, p. 1-9, 2026",artigo,German Journal Of Exercise And Sport Research,,,,,,Scopus (SJR),,,90,origem=planilha_nova | sincronizado_revisao
356,Paulo Felipe Ribeiro Bandeira,"REIS, LUIZA NAUJORKS",2024,"24-hour movement components, cardiorespiratory fitness and cardiometabolic risk in children: a network perspective. INTERNATIONAL JOURNAL OF ENVIRONMENTAL HEALTH RESEARCH, v. 34, p. 1-10, 2024",artigo,INTERNATIONAL JOURNAL OF ENVIRONMENTAL HEALTH RESEARCH,,,,,,Scopus (SJR),,,90,origem=planilha_nova | sincronizado_revisao
357,Rafael dos Santos Henrique,"RESENDE, C. M. M",2024,"Food consumption among adolescents and biological and adiposity outcomes. REVISTA CIÊNCIAS EM SAÚDE, v. 14, p. e1496, 2024",artigo,REVISTA CIÊNCIAS EM SAÚDE,,,,,,,,,,origem=planilha_nova | sincronizado_revisao
358,Clarice Maria de Lucena Martins,"REYES-AMIGO, TOMÁS",2022,"Effects of high-intensity interval training on executive functions in children and adolescents: A Systematic Review and Meta-analysis. Physical Activity Review, v. 10, p. 77-87, 2022",artigo,Physical Activity Review,,,,,,Scopus (SJR),,,90,origem=planilha_nova | sincronizado_revisao
359,Clarice Maria de Lucena Martins,"REYES-AMIGO, TOMÁS",2022,"Effectiveness of High-Intensity Games versus Moderate-Intensity Games on Cardiorespiratory Fitness and Anthropometric Variables in Children. ADVANCES IN PHYSICAL EDUCATION, v. 12, p. 60-74, 2022",artigo,ADVANCES IN PHYSICAL EDUCATION,,,,,,,,,,origem=planilha_nova | sincronizado_revisao
360,Paulo Felipe Ribeiro Bandeira,"RIBEIRO, PRICILA CRISTINA CORREA",2021,"Impactos do avanço da pandemia de COVID-19 na saúde mental de profissionais de saúde. PSICO (PUCRS. ONLINE), v. 52, p. e41302-15, 2021",artigo,ONLINE),,,,,,,,,,origem=planilha_nova | sincronizado_revisao
361,Pedro Pinheiro Paes Neto,"RICARTE, OZIMIKAELE SILVA",2021,"COVID-19 E SUAS CONSEQUÊNCIAS NA RETOMADA DA PRÁTICA DO EXERCÍCIO FÍSICO. EDUCACIÓN FÍSICA Y CIENCIA, v. 23, p. e199, 2021",artigo,EDUCACIÓN FÍSICA Y CIENCIA,,,,,,,,,,origem=planilha_nova | sincronizado_revisao
362,Paulo Felipe Ribeiro Bandeira,"RITER, H",2024,"Changes in children’s pattern of digital media use and parental variables during the COVID-19 pandemic. Escritos de Psicología - Psychological Writings, v. 17, p. 84-95, 2024",artigo,Escritos de Psicología - Psychological Writings,,,,,,,,,,origem=planilha_nova | sincronizado_revisao
363,Daniel da Rocha Queiroz,"ROCHA, K. B. S",2026,"Factors associated with meeting the recommendations for physical activity, sedentary behavior, and sleep in adolescents: a cross-sectional study",artigo,REVISTA PAULISTA DE PEDIATRIA (ONLINE),,,19840462,10.1590/1984-0462/2026/44/2025027,,Scopus (SJR),,,90,origem=planilha_revisada
364,Tony Meireles dos Santos,"RODRIGUES SANTOS, LUCAS EDUARDO",2026,"Acute Effects of Binaural Beats on Interoception in Individuals WITH Symptoms of Depression. PSYCHOLOGICAL REPORTS, v. 1, p. 1-16, 2026",artigo,PSYCHOLOGICAL REPORTS,,,,,,Scopus (SJR),,,90,origem=planilha_nova | sincronizado_revisao
365,Tony Meireles dos Santos,"RODRIGUES, A. I",2023,"Reliability of time to exhaustion above the power output at VOpeak in trained mountain bikers. INTERNATIONAL JOURNAL OF EXERCISE SCIENCE, v. 16, p. 654-664, 2023",artigo,INTERNATIONAL JOURNAL OF EXERCISE SCIENCE,,,,,,Scopus (SJR),,,90,origem=planilha_nova | sincronizado_revisao
366,Daniela Karina da Silva Ferreira,"RODRIGUES, J.D",2022,"FLORINDO, ALEX ANTÔNIO ; CAMINHA, IRAQUITAN DE OLIVEIRA",capitulo,,,,,,,,,,45,origem=planilha_nova | sincronizado_revisao
367,Ozeas de Lima Lins Filho,"SAAVEDRA, J. M",2025,"Exercise Interventions in Obstructive Sleep Apnea: Program Features and Clinical Benefits. Current Pulmonology Reports, v. 14, p. 14-31, 2025",artigo,Current Pulmonology Reports,,,21992428,10.1007/s13665-025-00396-x,,Web of Science (JCR),1.0,Q4,90,origem=planilha_revisada
368,André dos Santos Costa,"SACRAMENTO, H. S",2024,"Sodium Nitrate Improves Oxidative Energy Contribution and Reduces Phosphocreatine Contribution During High-Intensity Intermitent Exercise. RESEARCH QUARTERLY FOR EXERCISE AND SPORT, v. 1, p. 1-6, 2024",artigo,RESEARCH QUARTERLY FOR EXERCISE AND SPORT,,,02701367,10.1080/02701367.2025.2515968,,Web of Science (JCR); Scopus (SJR),1.6,Q3,90,origem=planilha_nova | sincronizado_revisao
369,Eduardo Zapaterra Campos,"SACRAMENTO, HENRIQUE SILVA",2024,"Sodium Nitrate Improves Oxidative Energy Contribution and Reduces Phosphocreatine Contribution During High-Intensity Intermittent Exercise. RESEARCH QUARTERLY FOR EXERCISE AND SPORT, v. 96, p. 1-6, 2024",artigo,RESEARCH QUARTERLY FOR EXERCISE AND SPORT,,,02701367,10.1080/02701367.2025.2515968,,Web of Science (JCR); Scopus (SJR),1.6,Q3,90,origem=planilha_nova | sincronizado_revisao
370,Leonardo Gomes de Oliveira Luz,"SALAMI, S",2024,"Associations between biological maturation, chronological age, body mass index, sex, and motor competence in prepubertal children: a network analysis. Children-Basel, v. 11, p. 1-14, 2024",artigo,Children-Basel,,,,,,,,,,origem=planilha_nova | sincronizado_revisao
371,Paulo Felipe Ribeiro Bandeira,"SALAMI, S",2024,"Associations between Biological Maturation, Chronological Age, Body Mass Index, Sex, and Motor Competence in Prepubertal Children: A Network Analysis. Children-Basel, v. 11, p. 1-14, 2024",artigo,Children-Basel,,,,,,,,,,origem=planilha_nova | sincronizado_revisao
372,Paulo Felipe Ribeiro Bandeira,"SALAMI, S",2021,"The Test of Gross Motor Development-Third Edition: A Bifactor Model, Dimensionality, and Measurement Invariance. JOURNAL OF MOTOR LEARNING AND DEVELOPMENT, p. 1-16, 2021",artigo,,,,,,,,,,,origem=planilha_nova | sincronizado_revisao
373,Paulo Felipe Ribeiro Bandeira,"SALAMI, S",2023,"The Körperkoordinations Test Für Kinder for Iranian Youth: Factor Structure, Measurement Invariance, and Covariates. JOURNAL OF MOTOR LEARNING AND DEVELOPMENT, v. 11, p. 1-23, 2023",artigo,JOURNAL OF MOTOR LEARNING AND DEVELOPMENT,,,,,,Scopus (SJR),,,90,origem=planilha_nova | sincronizado_revisao
374,Clarice Maria de Lucena Martins,"SALAMI, SEDIGHEH",2023,"Investigating the Construct Validity and Reliability of the Test of Motor Competence Across Iranians? Lifespan. PERCEPTUAL AND MOTOR SKILLS, v. 1, p. 003151252311526, 2023",artigo,PERCEPTUAL AND MOTOR SKILLS,,,,,,Scopus (SJR),,,90,origem=planilha_nova | sincronizado_revisao
375,Clarice Maria de Lucena Martins,"SALAMI, SEDIGHEH",2023,"The Körperkoordinations Test Für Kinder for Iranian Youth: Factor Structure, Measurement Invariance, and Covariates. JOURNAL OF MOTOR LEARNING AND DEVELOPMENT, v. 11, p. 165-187, 2023",artigo,JOURNAL OF MOTOR LEARNING AND DEVELOPMENT,,,,,,Scopus (SJR),,,90,origem=planilha_nova | sincronizado_revisao
376,Paulo Felipe Ribeiro Bandeira,"SALAMI, SEDIGHEH",2023,"Investigating the Construct Validity and Reliability of the Test of Motor Competence Across Iranians? Lifespan. PERCEPTUAL AND MOTOR SKILLS, v. 1, p. 003151252311526-22, 2023",artigo,PERCEPTUAL AND MOTOR SKILLS,,,,,,Scopus (SJR),,,90,origem=planilha_nova | sincronizado_revisao
377,Daniel da Rocha Queiroz,"SANTIAGO, LADYODEYSE C.S",2022,"Effects of Strength Training on Sleep Parameters of Adolescents: A Randomized Controlled Trial. JOURNAL OF STRENGTH AND CONDITIONING RESEARCH, v. 36, p. 1222-1227, 2022",artigo,JOURNAL OF STRENGTH AND CONDITIONING RESEARCH,,,15334287,10.1519/jsc.0000000000005346,,Web of Science (JCR); Scopus (SJR),3.0,Q1,90,origem=planilha_nova | sincronizado_revisao
378,Pedro Pinheiro Paes Neto,"SANTO, RUDÁ GONÇALVES",2023,"Pain, discomfort and psychobiological factors in wheelchair tennis athletes following COVID-19 lockdowns",artigo,Advances in Rehabilitation,,,17344948,10.5114/areh.2025.153216,,Scopus (SJR),,,90,origem=planilha_nova | sincronizado_revisao
379,Paulo Felipe Ribeiro Bandeira,"SANTOS, A. K. S",2025,"The Acute Effects of Walking With Blood Flow Restriction on Learning of a Visuomotor Tracking Task. PERCEPTUAL AND MOTOR SKILLS, v. 132, p. 1-19, 2025",artigo,PERCEPTUAL AND MOTOR SKILLS,,,,,,Scopus (SJR),,,90,origem=planilha_nova | sincronizado_revisao
380,Clarice Maria de Lucena Martins,"SANTOS, ARILENE MARIA DA SILVA",2021,"ARE THERE DIFFERENCES BETWEEN MALE AND FEMALE BADMINTON ATHLETES IN SLEEP, PHYSICAL ACTIVITY AND SEDENTARY TIME?. REVISTA BRASILEIRA DE MEDICINA DO ESPORTE (ONLINE), v. 27, p. 174-178, 2021",artigo,REVISTA BRASILEIRA DE MEDICINA DO ESPORTE (ONLINE),,,,,,,,,,origem=planilha_nova | sincronizado_revisao
381,Vilde Gomes de Menezes,"SANTOS, E. L",2025,Integration of cyberculture in physical education courses at federal universities in Northeastern Brazil,artigo,JOURNAL OF PHYSICAL EDUCATION (ONLINE),,,24482455,10.4025/jphyseduc.v36i1.3607,,Scopus (SJR),,,90,origem=planilha_revisada
382,Paulo Roberto Cavalcanti Carvalho,"SANTOS, J. C. F",2023,"Efeitos de um treinamento de força e combinado em idosos com hipertensão arterial. REVISTA BRASILEIRA DE PRESCRIÇÃO E FISIOLOGIA DO EXERCÍCIO, v. 17, p. 55-61, 2023",artigo,REVISTA BRASILEIRA DE PRESCRIÇÃO E FISIOLOGIA DO EXERCÍCIO,,,,,,,,,,origem=planilha_nova | sincronizado_revisao
383,Paulo Roberto Cavalcanti Carvalho,"SANTOS, J. C. F",2022,"Efeitos do treinamento de força muscular e da alimentação sobre indicados antropométricos em idosos de ambos os sexos. REVISTA BRASILEIRA DE OBESIDADE, NUTRIÇÃO E EMAGRECIMENTO, v. 16, p. 344-352, 2022",artigo,"REVISTA BRASILEIRA DE OBESIDADE, NUTRIÇÃO E EMAGRECIMENTO",,,,,,,,,,origem=planilha_nova | sincronizado_revisao
384,Paulo Roberto Cavalcanti Carvalho,"SANTOS, J. C. F",2023,"Perfil epidemiológico, nível de atividade física durante a pandemia de Covid-19 de indivíduos de uma Universidade Pública de Recife/PE. REVISTA BAIANA DE SAÚDE PÚBLICA (ONLINE), v. 47, p. 01-13, 2023",artigo,REVISTA BAIANA DE SAÚDE PÚBLICA (ONLINE),,,,,,,,,,origem=planilha_nova | sincronizado_revisao
385,Paulo Roberto Cavalcanti Carvalho,"SANTOS, JOSÉ CRISTIANO FAUSTINO DOS",2025,"Análise da composição corporal de mulheres com obesidade na fila de bariátrica após 1 ano da prática regular de exercício físico. REVISTA ELETRÔNICA ACERVO EM SAÚDE, v. 25, p. e21090, 2025",artigo,REVISTA ELETRÔNICA ACERVO EM SAÚDE,,,,,,,,,,origem=planilha_nova | sincronizado_revisao
386,Tony Meireles dos Santos,"SANTOS, L. E. R",2023,"Entropy of Heart Rate on Self-Selected Interval Exercises in Older Women. INTERNATIONAL JOURNAL OF EXERCISE SCIENCE, v. 16, p. 525-537-537, 2023",artigo,INTERNATIONAL JOURNAL OF EXERCISE SCIENCE,,,,,,Scopus (SJR),,,90,origem=planilha_nova | sincronizado_revisao
387,André dos Santos Costa,"SANTOS, L. E. R",2021,"Effects of Self-Selected Passive Recovery Time in Interval Exercise on Perceptual and Heart Rate Responses in Older Women: A Promissory Approach. JOURNAL OF AGING AND PHYSICAL ACTIVITY, v. 1, p. 1-11, 2021",artigo,JOURNAL OF AGING AND PHYSICAL ACTIVITY,,,,,,Scopus (SJR),,,90,origem=planilha_nova | sincronizado_revisao
388,Tony Meireles dos Santos,"SANTOS, LUCAS EDUARDO RODRIGUES",2021,"Effects of Self-Selected Passive Recovery Time in Interval Exercise on Perceptual and Heart Rate Responses in Older Women: A Promissory Approach. JOURNAL OF AGING AND PHYSICAL ACTIVITY, v. 11, p. 1-11, 2021",artigo,JOURNAL OF AGING AND PHYSICAL ACTIVITY,,,,,,Scopus (SJR),,,90,origem=planilha_nova | sincronizado_revisao
389,Tony Meireles dos Santos,"SANTOS, LUCAS EDUARDO RODRIGUES",2023,"Reliability of the Heartbeat Tracking Task to Assess Interoception. APPLIED PSYCHOPHYSIOLOGY AND BIOFEEDBACK, v. xx, p. xx, 2023",artigo,APPLIED PSYCHOPHYSIOLOGY AND BIOFEEDBACK,,,,,,,,,,origem=planilha_nova | sincronizado_revisao
390,Lucas Eduardo Rodrigues dos Santos,"SANTOS, T. M",2025,"Intrinsic judgment error in men?s championship world surf league: WSL 2021. Retos-Nuevas Tendencias En Educacion Fisica Deporte Y Recreacion, v. 64, p. 311-321, 2025",artigo,Retos-Nuevas Tendencias En Educacion Fisica Deporte Y Recreacion,,,,,,,,,,origem=planilha_nova | sincronizado_revisao
391,Tony Meireles dos Santos,"SANTOS, TONY M",2023,"SANTOS, TONY M.; TINOCO, G",capitulo,,,,,,,,,,45,origem=planilha_nova | sincronizado_revisao
392,Lucas Eduardo Rodrigues dos Santos,"SANTOS, TONY MEIRELES",2023,"SANTOS, TONY MEIRELES ; TINOCO, G",capitulo,,,,,,,,,,45,origem=planilha_nova | sincronizado_revisao
393,Tony Meireles dos Santos,"SANTOS, TONY MEIRELES",2025,Intrinsic judgment error in men?s championship world surf league: WSL 2021,artigo,RETOS,,,19882041,10.47197/retos.v72.113173,,Web of Science (JCR); Scopus (SJR),1.6,Q2,90,origem=planilha_nova | sincronizado_revisao
394,Pedro Pinheiro Paes Neto,"SANTOS, WLALDEMIR ROBERTO",2025,"Injuries in Female Soccer Athletes: Risk of Injury Across Different Phases of the Menstrual Cycle. RESEARCH QUARTERLY FOR EXERCISE AND SPORT, v. 1, p. 1-8, 2025",artigo,RESEARCH QUARTERLY FOR EXERCISE AND SPORT,,,02701367,10.1080/02701367.2025.2515968,,Web of Science (JCR); Scopus (SJR),1.6,Q3,90,origem=planilha_revisada
395,Pedro Pinheiro Paes Neto,"SANTOS, WLALDEMIR ROBERTO DOS",2022,"Impact of strength training on bone mineral density in HIV-positive patients. FISIOTERAPIA EM MOVIMENTO, v. 35, p. 1-7, 2022",artigo,FISIOTERAPIA EM MOVIMENTO,,,,,,Scopus (SJR),,,90,origem=planilha_nova | sincronizado_revisao
396,Clarice Maria de Lucena Martins,"SATO, JOÃO RICARDO",2023,"A Novel Exploratory Graph-Based Analytical Tool for Functional Near-Infrared Spectroscopy in Naturalistic Experiments: An Illustrative Application in Typically Developing Children. BRAIN SCIENCES, v. 13, p. 905, 2023",artigo,BRAIN SCIENCES,,,,,,Scopus (SJR),,,90,origem=planilha_nova | sincronizado_revisao
397,Clarice Maria de Lucena Martins,"SCARABOTTOLO, CATARINA COVOLO",2022,"Association between Different Domains of Sedentary Behavior and Health-Related Quality of Life in Adults: A Longitudinal Study. International Journal of Environmental Research and Public Health, v. 19, p. 16389, 2022",artigo,International Journal of Environmental Research and Public Health,,,16604601,10.3390/ijerph23020221,,Web of Science (JCR); Scopus (SJR),,,90,origem=planilha_nova | sincronizado_revisao
398,Ozeas de Lima Lins Filho,"SCHMITZ, E. P. C. R",2021,DIETA ENTERAL ARTESANAL PARA CRIANÇAS: UMA REVISÃO INTEGRATIVA,artigo,REVISTA PAULISTA DE PEDIATRIA (ONLINE),,,19840462,10.1590/1984-0462/2026/44/2025027,,Scopus (SJR),,,90,origem=planilha_nova | sincronizado_revisao
399,Rafael dos Santos Henrique,"SILVA JUNIOR, E. V",2021,"Anthropometry and body composition of elite Brazilian soccer players according to the playing position. HEALTH SCIENCE JOURNAL, v. 15, p. 1-6, 2021",artigo,HEALTH SCIENCE JOURNAL,,,,,,Scopus (SJR),,,90,origem=planilha_nova | sincronizado_revisao
400,Paulo Roberto Cavalcanti Carvalho,"SILVA, B. A",2023,The influence of overweight on postural balance and mobility of candidates for bariatric surgery,artigo,Revista Brasileira de Cineantropometria e Desempenho Humano,,,19800037,10.1590/1980-0037.2025v27e89829,,Scopus (SJR),,,90,origem=planilha_nova | sincronizado_revisao
401,André dos Santos Costa,"SILVA, B. A. B",2023,The influence of overweight on postural balance and mobility of candidates for bariatric surgery,artigo,Revista Brasileira de Cineantropometria e Desempenho Humano,,,19800037,10.1590/1980-0037.2025v27e89829,,Scopus (SJR),,,90,origem=planilha_nova | sincronizado_revisao
402,Pedro Pinheiro Paes Neto,"SILVA, C. K. F. B",2021,"Impacto de lá ansiedade competitiva en lá variabilidade de la frecuencia cardiaca y el rendimiento de los nadadores jóvenes. Revista Peruana de Ciencias de La Actividad Física y del Deporte, v. 1, p. 1234-1245, 2021",artigo,Revista Peruana de Ciencias de La Actividad Física y del Deporte,,,12341245,,,,,,,origem=planilha_nova | sincronizado_revisao
403,Paulo Felipe Ribeiro Bandeira,"SILVA, C. L",2024,"Occupational violence in the nursing field during the pandemic: a network analysis. Ciência & Saúde Coletiva, v. 29, p. 1-12, 2024",artigo,Ciência & Saúde Coletiva,,,,,,,,,,origem=planilha_nova | sincronizado_revisao
404,Paulo Felipe Ribeiro Bandeira,"SILVA, CAMILA LIMA",2026,"Workplace violence in the field of nursing during the pandemic: a network analysis. Ciência & Saúde Coletiva, v. 31, p. 1-9, 2026",artigo,Ciência & Saúde Coletiva,,,,,,,,,,origem=planilha_nova | sincronizado_revisao
405,Saulo Fernandes Melo de Oliveira,"SILVA, D. F",2022,"Effect of Excess Weight on Health Expenditure with Diabetic Patients in Primary Health Care. Biomedical Journal of Scientific and Technical Research, v. 44, p. 35150, 2022",artigo,Biomedical Journal of Scientific and Technical Research,,,,,,,,,,origem=planilha_nova | sincronizado_revisao
406,André dos Santos Costa,"SILVA, DIEGO FRANCISCO DA",2026,Does mental fatigue influence the accuracy of paralympic boccia players?,artigo,Frontiers In Sports And Active Living,,,26249367,10.3389/fspor.2025.1724991,,Web of Science (JCR); Scopus (SJR),2.6,Q2,90,origem=planilha_revisada
407,Paulo Roberto Cavalcanti Carvalho,"SILVA, G. S. M",2021,"Efeitos de um programa de intervenção de atividade física, educação e promoção de saúde com idosos hipertensos usuários do Sistema Único de Saúde. REVISTA ELETRÔNICA ACERVO EM SAÚDE, v. 13, p. e6926, 2021",artigo,REVISTA ELETRÔNICA ACERVO EM SAÚDE,,,,,,,,,,origem=planilha_nova | sincronizado_revisao
408,Paulo Felipe Ribeiro Bandeira,"SILVA, H. M",2023,"NCLUSIVE PHYSICAL EDUCATION IN THE PERSPECTIVE OF COMPLEXITY: A NARRATIVE REVIEW STUDY. MACABÉA- REVISTA ELETRONICA DO NETLLI, v. 12, p. 55-68, 2023",artigo,MACABÉA- REVISTA ELETRONICA DO NETLLI,,,,,,,,,,origem=planilha_nova | sincronizado_revisao
409,Daniela Karina da Silva Ferreira,"SILVA, I. M. B",2024,"Atividade física e níveis de ansiedade em escolares da rede privada e pública de Recife-PE-Brasil. Revista Saúde e Pesquisa, v. 17, p. 123-133, 2024",artigo,Revista Saúde e Pesquisa,,,,,,,,,,origem=planilha_nova | sincronizado_revisao
410,Vilde Gomes de Menezes,"SILVA, J. C",2021,"MENEZES, VILDE GOMES",capitulo,,,,,,,,,,45,origem=planilha_nova | sincronizado_revisao
411,André dos Santos Costa,"SILVA, J. C. L",2022,"Microbiota Intestinal e Sistema Nervoso Central: explorando o eixo cérebro e intestino. Revista de Neurociências, v. 30, p. 1-29, 2022",artigo,Revista de Neurociências,,,,,,,,,,origem=planilha_nova | sincronizado_revisao
412,André dos Santos Costa,"SILVA, J. C. L",2022,"Suplementação de Nitrato no Desempenho durante Exercício Intermitente de Alta Intensidade: uma revisão de literatura.. RBNE - Revista Brasileira de Nutrição Esportiva, v. 16, p. 53-62, 2022",artigo,RBNE - Revista Brasileira de Nutrição Esportiva,,,,,,,,,,origem=planilha_nova | sincronizado_revisao
413,Eduardo Zapaterra Campos,"SILVA, J. C. L",2022,"SUPLEMENTAÇÃO DE NITRATO NO DESEMPENHO DURANTE EXERCÍCIO INTERMITENTE DE ALTA INTENSIDADE: UMA REVISÃO DE LITERATURA. RBNE - Revista Brasileira de Nutrição Esportiva, v. 16, p. 53-62, 2022",artigo,RBNE - Revista Brasileira de Nutrição Esportiva,,,,,,,,,,origem=planilha_nova | sincronizado_revisao
414,André dos Santos Costa,"SILVA, J. C. L",2021,"Licopeno e marcadores metabólicos: uma revisão narrativa. REVISTA BRASILEIRA DE OBESIDADE, NUTRIÇÃO E EMAGRECIMENTO, v. 15, p. 1373-1385, 2021",artigo,"REVISTA BRASILEIRA DE OBESIDADE, NUTRIÇÃO E EMAGRECIMENTO",,,13731385,,,,,,,origem=planilha_nova | sincronizado_revisao
415,André dos Santos Costa,"SILVA, J. D. A",2023,"Efeitos de programas de exercícios físicos domiciliares na cognição de idosos: uma revisão integrativa.. GERIATRICS, GERONTOLOGY AND AGING, v. 17, p. 1-10, 2023",artigo,"GERIATRICS, GERONTOLOGY AND AGING",,,,,,,,,,origem=planilha_nova | sincronizado_revisao
416,Paulo Felipe Ribeiro Bandeira,"SILVA, J. L. P",2022,"As Empresas Juniores Contribuem para Mudanças Pessoais em Universitários?Submissão: 23/10/2022 (fast track)Primeira Decisão Editorial: 28/12/2022Versão Final: 30/12/2022Aceito em: 30/12/2022Do Junior Enterprises Provide Personal Changes in University Students?¿Contribuyen las Empresas Junior a Cambios Personales en Estudiantes Universitarios?Como citar esse artigo: Silva, J. L. P., Passos, J. G. V. REVISTA PSICOLOGIA: ORGANIZAÇÕES E TRABALHO, v. 22, p. 2269-2280, 2022",artigo,REVISTA PSICOLOGIA: ORGANIZAÇÕES E TRABALHO,,,22692280,,,,,,,origem=planilha_nova | sincronizado_revisao
417,Ozeas de Lima Lins Filho,"SILVA, JÉSSIKA KARLA TAVARES DO NASCIMENTO FAUSTINO DA",2022,Association between frequency of physical education classes and heart rate variability in adolescents boys: a cross-sectional study,artigo,JOURNAL OF PHYSICAL EDUCATION (ONLINE),,,24482455,10.4025/jphyseduc.v36i1.3607,,Scopus (SJR),,,90,origem=planilha_nova | sincronizado_revisao
418,Paulo Felipe Ribeiro Bandeira,"SILVA, K. V. L. G",2021,"CUIDADO INTERDISICPLINAR NO CAPSi: SAÚDE MENTAL EM FOCO Autores. Revista de Extensão da URCA, v. 1, p. 1-10, 2021",artigo,Revista de Extensão da URCA,,,,,,,,,,origem=planilha_nova | sincronizado_revisao
419,Paulo Felipe Ribeiro Bandeira,"SILVA, L. G",2023,"RIBEIRO BANDEIRA , PAULO FELIPE ; GOMES, E",capitulo,,,,,,,,,,45,origem=planilha_nova | sincronizado_revisao
420,Ozeas de Lima Lins Filho,"SILVA, M. V. F. P",2023,"VALIDATION OF A PORTABLE RESPIRATORY MONITORING SYSTEM FOR THE DIAGNOSIS OF OBSTRUCTIVE SLEEP APNEA IN PATIENTS WITH CHRONIC OBSTRUCTIVE PULMONARY DISEASE: A CROSS-SECTIONAL STUDY. Sleep Science (Online), v. 00, p. 1-6, 2023",artigo,Sleep Science (Online),,,,,,,,,,origem=planilha_nova | sincronizado_revisao
421,Paulo Felipe Ribeiro Bandeira,"SILVA, NAILDO SANTOS",2025,Instruments for evaluating parental support for the practice of physical activity in children and adolescents: A scoping review,artigo,REVISTA PAULISTA DE PEDIATRIA (ONLINE),,,19840462,10.1590/1984-0462/2026/44/2025027,,Scopus (SJR),,,90,origem=planilha_nova | sincronizado_revisao
422,Rafael dos Santos Henrique,"SILVA, V. T. M",2026,Analysis of Factors Associated with Active and Sedentary Behaviors of Children and Adolescents Considering Bronfenbrenner?s Bioecological Theory: A Scoping Review Protocol,artigo,Adolescents,,,26737051,10.3390/adolescents6010009,,Scopus (SJR),,,90,origem=planilha_revisada
423,Saulo Fernandes Melo de Oliveira,"SILVA-NETO, MANOEL E",2023,"Acute Effects of Different Conditioning Activities on Amateur Soccer Players. INTERNATIONAL JOURNAL OF SPORTS MEDICINE, v. 2023, p. 1-7, 2023",artigo,INTERNATIONAL JOURNAL OF SPORTS MEDICINE,,,01724622,10.1055/a-2674-4030,,Web of Science (JCR); Scopus (SJR),2.2,Q2,90,origem=planilha_nova | sincronizado_revisao
424,Clarice Maria de Lucena Martins,"SILVA-SANTOS, S",2021,"Associations Between Motor Competence, Moderate-to-Vigorous Physical Activity, and Body Mass Index Among Preschoolers Over 1 Year. Journal of Physical Activity & Health, p. 1-6, 2021",artigo,,,,,,,,,,,origem=planilha_nova | sincronizado_revisao
425,Saulo Fernandes Melo de Oliveira,"SIMIM, M",2023,"Comparative analysis of Amputee Soccer players and coach perception of intensity training. Revista Brasileira de Educação Física e Esporte, v. 37, p. 1-12, 2023",artigo,Revista Brasileira de Educação Física e Esporte,,,,,,,,,,origem=planilha_nova | sincronizado_revisao
426,Clarice Maria de Lucena Martins,"SOARES, ANTONIO HENRIQUE GERMANO",2023,"Prevalence and Sociodemographic Correlates of Meeting the 24-Hour Movement Guidelines Among Low-Income Brazilian Older Adults With Chronic Diseases. JOURNAL OF AGING AND PHYSICAL ACTIVITY, v. 31, p. 756-764, 2023",artigo,JOURNAL OF AGING AND PHYSICAL ACTIVITY,,,,,,Scopus (SJR),,,90,origem=planilha_nova | sincronizado_revisao
427,Leonardo Gomes de Oliveira Luz,"SOGUT, MUSTAFA",2022,"Maturity-associated variations in anthropometry, physical fitness, and sport-specific skills among young male and female futsal players. Human movement, v. 23, p. 1-7, 2022",artigo,Human movement,,,,,,Scopus (SJR),,,90,origem=planilha_nova | sincronizado_revisao
428,Bruno Teixeira Barbosa,"SOLON JUNIOR, L. J. F",2024,"The Relative Age Effect on YoungAthletes of Para-Athletics: Birth quartile analysis and performance in individual athletic events. CUADERNOS DE PSICOLOGIA DEL DEPORTE, v. 24, p. 216-227, 2024",artigo,CUADERNOS DE PSICOLOGIA DEL DEPORTE,,,,,,Scopus (SJR),,,90,origem=planilha_nova | sincronizado_revisao
429,Bruno Teixeira Barbosa,"SOLON JUNIOR, L. J. F",2021,"Smartphone addiction is associated with symptoms of anxiety, depression, stress, tension, confusion, and insomnia: A cross-sectional and comparative study with physically and non-physically active adults in self-isolation during the COVID-19 pandemic. SALUD MENTAL, v. 44, p. 193-200, 2021",artigo,SALUD MENTAL,,,,,,Scopus (SJR),,,90,origem=planilha_nova | sincronizado_revisao
430,Bruno Teixeira Barbosa,"SOUSA, C. B",2022,Efeitos de um programa de treinamento aquático de 12 semanas na aptidão funcional de idosos,capitulo,,,,,,,,,,45,origem=planilha_nova | sincronizado_revisao
431,Paulo Felipe Ribeiro Bandeira,"SOUSA, F. C",2024,"CUSTOS DIRETOS COM FERIDAS CRÔNICAS EM SERVIÇO AMBULATORIAL DE UMA UNIVERSIDADE PÚBLICA NO NORDESTE BRASILEIRO. REVISTA ENFERMAGEM ATUAL IN DERME, v. 98, p. 1-11, 2024",artigo,REVISTA ENFERMAGEM ATUAL IN DERME,,,,,,,,,,origem=planilha_nova | sincronizado_revisao
432,Eduardo Zapaterra Campos,"SOUTO, FABRÍCIO OLIVEIRA",2023,"Editorial: The role of different physical exercise protocols on immunological and immunometabolic profile in physiological and chronic diseases. Frontiers in Immunology, v. 14, p. 1327967, 2023",artigo,Frontiers in Immunology,,,,,,Scopus (SJR),,,90,origem=planilha_nova | sincronizado_revisao
433,Paulo Felipe Ribeiro Bandeira,"SOUTO, GABRIEL COSTA",2025,"Associations between fitness, movement behaviors, and immediate post-exercise blood pressure in older adults: A network perspective. PLoS One, v. 20, p. e0329280-15, 2025",artigo,PLoS One,,,,,,Scopus (SJR),,,90,origem=planilha_nova | sincronizado_revisao
434,Paulo Felipe Ribeiro Bandeira,"SOUZA FILHO, A. N",2023,"Association between the environment for physical activity in public schools and childhood obesity: a view in the light of complex systems. Ciência & Saúde Coletiva, v. 28, p. 1-14, 2023",artigo,Ciência & Saúde Coletiva,,,,,,,,,,origem=planilha_nova | sincronizado_revisao
435,Paulo Felipe Ribeiro Bandeira,"SOUZA FILHO, ANASTÁCIO NECO DE",2024,"Association between the environment for physical activity in public schools and childhood obesity: a view in the light of complex systems. Ciência & Saúde Coletiva, v. 29, p. 1-8, 2024",artigo,Ciência & Saúde Coletiva,,,,,,,,,,origem=planilha_nova | sincronizado_revisao
436,Paulo Felipe Ribeiro Bandeira,"SOUZA, A. R",2023,"Twenty-Four-Hour Movement Behaviors, Fitness, and Adiposity in Preschoolers: A Network Analysis. Obesities, v. 3, p. 36-45, 2023",artigo,Obesities,,,,,,Scopus (SJR),,,90,origem=planilha_nova | sincronizado_revisao
437,Vilde Gomes de Menezes,"SOUZA, GLEYCE KELLY BATISTA DE",2025,"Associação entre comportamento sedentário e custos públicos com doenças crônicas: protocolo de revisão sistemática. LECTURAS EDUCACIÓN FÍSICA Y DEPORTES, v. 30, p. 183-197, 2025",artigo,LECTURAS EDUCACIÓN FÍSICA Y DEPORTES,,,15143465,10.46642/efd.v30i324.7472,,,,,,origem=planilha_revisada
438,Vilde Gomes de Menezes,"SOUZA, W. L",2025,"CONCEPÇÕES DE EDUCAÇÃO EM SAÚDE E SUAS REPERCUSSÕES NA TRAJETÓRIA DE ESTUDANTES DA REDE PÚBLICA ESTADUAL DE ENSINO MÉDIO DE PERNAMBUCO. EDUCAÇÃO EM FOCO (JUIZ DE FORA), v. 30, p. 1-21, 2025",artigo,EDUCAÇÃO EM FOCO (JUIZ DE FORA),,,01043293,,,,,,,origem=planilha_nova | sincronizado_revisao
439,Vilde Gomes de Menezes,"SOUZA, W. L",2023,"O PROGRAMA SAÚDE NA ESCOLA (PSE) NO ESTADO DE PERNAMBUCO: DA CARACTERIZAÇÃO DO CENÁRIO À EFETIVIDADE DA POLÍTICA NOS MUNICÍPIOS. Revista Plurais, v. 8, p. 00-e023025, 2023",artigo,Revista Plurais,,,,,,,,,,origem=planilha_nova | sincronizado_revisao
440,Vilde Gomes de Menezes,"SOUZA, W. L",2024,"EDUCAÇÃO EM SAÚDE NA REDE PÚBLICA ESTADUAL DE EDUCAÇÃO DE PERNAMBUCO:concepções de gestores, professores e estudantes. Revista Exitus, v. 14, p. 1, 2024",artigo,Revista Exitus,,,,,,,,,,origem=planilha_nova | sincronizado_revisao
441,Bruno Teixeira Barbosa,"SUASSUNA, J. A. S",2021,"Efeitos da preparação para o movimento no desempenho funcional de idosos. REVISTA INTERDISCIPLINAR DE PESQUISA E INOVAÇÃO, v. 10, p. 1-10, 2021",artigo,REVISTA INTERDISCIPLINAR DE PESQUISA E INOVAÇÃO,,,,,,,,,,origem=planilha_nova | sincronizado_revisao
442,André dos Santos Costa,"TAVARES, HENRIQUE",2025,"Effects of daily protein intake frequency during 8 weeks of resistance training on lean mass and strength adaptations: a randomized non-controlled clinical trial. THE JOURNAL OF SPORTS MEDICINE AND PHYSICAL FITNESS, v. 65, p. 1, 2025",artigo,THE JOURNAL OF SPORTS MEDICINE AND PHYSICAL FITNESS,,,18271928,10.23736/S0022-4707.25.16698-X,,Web of Science (JCR); Scopus (SJR),,,90,origem=planilha_revisada
443,Vilde Gomes de Menezes,"TEIXEIRA, A. G. M",2021,"ALMEIDA JUNIOR, J",capitulo,,,,,,,,,,45,origem=planilha_nova | sincronizado_revisao
444,Daniel da Rocha Queiroz,"TENORIO, M. C. M",2022,"Physical Activity Guidelines for the Brazilian Population: Development and Methods. Journal of Physical Activity & Health, v. 19, p. 1-7, 2022",artigo,Journal of Physical Activity & Health,,,,,,Scopus (SJR),,,90,origem=planilha_nova | sincronizado_revisao
445,Paulo Felipe Ribeiro Bandeira,"THUANY, MABLINY",2023,"The subject-environment interplay between runners from different Brazilian macro-regions. Frontiers in Psychology, v. 14, p. 1-7, 2023",artigo,Frontiers in Psychology,,,,,,Scopus (SJR),,,90,origem=planilha_nova | sincronizado_revisao
446,Saulo Fernandes Melo de Oliveira,"Torres, Wiliane Sales",2022,"CORRELAÇÕES ENTRE A CLASSIFICAÇÃO FUNCIONAL E O DESEMPENHO MOTOR DE JOGADORES DE BASQUETEBOL DE CADEIRAS DE RODAS EXPERIENTES. Revista da Associação Brasileira de Atividade Motora Adaptada, v. 23, p. 233-242, 2022",artigo,Revista da Associação Brasileira de Atividade Motora Adaptada,,,,,,,,,,origem=planilha_nova | sincronizado_revisao
447,Saulo Fernandes Melo de Oliveira,"Torres, Wiliane Sales",2024,"Torres, Wiliane Sales ; PEREIRA, M",capitulo,,,,,,,,,,45,origem=planilha_nova | sincronizado_revisao
448,Rafael dos Santos Henrique,"VALLE-MUNOZ, V. M",2025,Effects of resistance training interventions on physical literacy components in children and adolescents: A systematic review with meta-analysis,artigo,Journal Of Public Health-Heidelberg,,,21981833,10.1007/s10389-025-02533-x,,Web of Science (JCR); Scopus (SJR),1.6,Q3,90,origem=planilha_revisada
449,Paulo Felipe Ribeiro Bandeira,"VANALI, R. C",2022,ESTILO DE VIDA E SAÚDE CORPORAL DE ADOLESCENTES ESCOLARES: UMA MODELAGEM DE EQUAÇÕES ESTRUTURAIS,capitulo,,,,,,,,,,45,origem=planilha_nova | sincronizado_revisao
450,Pedro Pinheiro Paes Neto,"VASCONCELOS DE OLIVEIRA, JOSÉ IGOR",2023,"Content validation and inter-rater reliability of a protocol for the precision assessment of boccia players. JOURNAL OF HUMAN SPORT AND EXERCISE, v. 18, p. 964-973, 2023",artigo,JOURNAL OF HUMAN SPORT AND EXERCISE,,,,,,Scopus (SJR),,,90,origem=planilha_nova | sincronizado_revisao
451,Paulo Felipe Ribeiro Bandeira,"VASQUES, D. M",2023,"Anthropometry, Tactical Position, Performance Parameters and Experience in Water Polo: Network Analysis. Apunts Educacion Fisica Y Deportes, v. 152, p. 62-69, 2023",artigo,Apunts Educacion Fisica Y Deportes,,,,,,Scopus (SJR),,,90,origem=planilha_nova | sincronizado_revisao
452,Paulo Felipe Ribeiro Bandeira,"Veira, Nélio Barreto",2021,DEFICIÊNCIAS NUTRICIONAIS EM PACIENTES OBESOS MÓRBIDOS NO PRÉOPERATÓRIO DE GASTROPLASTIA,capitulo,,,,,,,,,,45,origem=planilha_nova | sincronizado_revisao
453,Lucas Eduardo Rodrigues dos Santos,"VIANA, BRUNO",2025,"Exercise expectation changes psychophysiological responses to sprint exercise regardless of changes in pacing and performance. INTERNATIONAL JOURNAL OF SPORT AND EXERCISE PSYCHOLOGY, v. 1, p. 1-14, 2025",artigo,INTERNATIONAL JOURNAL OF SPORT AND EXERCISE PSYCHOLOGY,,,1612197X,10.1080/1612197x.2024.2446329,,Web of Science (JCR); Scopus (SJR),2.3,Q2,90,origem=planilha_nova | sincronizado_revisao
454,Tony Meireles dos Santos,"VIANA, BRUNO",2025,"Exercise expectation changes psychophysiological responses to sprint exercise regardless of changes in pacing and performance. INTERNATIONAL JOURNAL OF SPORT AND EXERCISE PSYCHOLOGY, v. 1, p. 1-14, 2025",artigo,INTERNATIONAL JOURNAL OF SPORT AND EXERCISE PSYCHOLOGY,,,1612197X,10.1080/1612197x.2024.2446329,,Web of Science (JCR); Scopus (SJR),2.3,Q2,90,origem=planilha_revisada
455,Rafael dos Santos Henrique,"VICENTE, CYNTHIA DANTAS",2022,"Association between sleep indicators and eating habits in adolescents. RESEARCH, SOCIETY AND DEVELOPMENT, v. 11, p. e42911528403, 2022",artigo,"RESEARCH, SOCIETY AND DEVELOPMENT",,,,,,,,,,origem=planilha_nova | sincronizado_revisao
456,Tony Meireles dos Santos,"VIEIRA, C. B",2023,UTILIZAÇÃO DA INTELIGÊNCIA ARTIFICIAL ATRAVÉS DE UM SISTEMA ESPECIALISTA PARA A TOMADA DE DECISÃO NO ENFRENTAMENTO AO SEDENTARISMO,artigo,"Recife: , 2023",,,,,,,,,,origem=planilha_nova | sincronizado_revisao
457,Lucas Eduardo Rodrigues dos Santos,"VIEIRA, C. B",2023,UTILIZAÇÃO DA INTELIGÊNCIA ARTIFICIAL ATRAVÉS DE UM SISTEMA ESPECIALISTA PARA A TOMADA DE DECISÃO NO ENFRENTAMENTO AO SEDENTARISMO,artigo,"Recife: , 2023",,,,,,,,,,origem=planilha_nova | sincronizado_revisao
458,André dos Santos Costa,"VILAR, L. H. S",2022,"Síndrome de burnout e atividade física em adolescentes no contexto da pandemia da Covid-19.. Arquivos de Ciências da Saúde da UNIPAR, v. 26, p. 1453-14666, 2022",artigo,Arquivos de Ciências da Saúde da UNIPAR,,,,,,,,,,origem=planilha_nova | sincronizado_revisao
459,Tony Meireles dos Santos,"VINÍCIUS, ÍTALO",2025,"Efficacy of caffeine as an ergogenic aid in multiple cycling time trials. EUROPEAN JOURNAL OF APPLIED PHYSIOLOGY, v. 125, p. 1361-1370, 2025",artigo,EUROPEAN JOURNAL OF APPLIED PHYSIOLOGY,,,13611370,,,Scopus (SJR),,,90,origem=planilha_nova | sincronizado_revisao
460,Daniel da Rocha Queiroz,"WANDERLEY JUNIOR, R. S",2022,"Correlatos da atividade física e do comportamento sedentário em crianças pré-escolares sul-americanas: Revisão de escopo. REVISTA PANAMERICANA DE SALUD PUBLICA-PAN AMERICAN JOURNAL OF PUBLIC HEALTH, v. 46, p. e64, 2022",artigo,REVISTA PANAMERICANA DE SALUD PUBLICA-PAN AMERICAN JOURNAL OF PUBLIC HEALTH,,,,,,Scopus (SJR),,,90,origem=planilha_nova | sincronizado_revisao
461,Clarice Maria de Lucena Martins,"WANDERLEY JÚNIOR, RILDO DE SOUZA",2022,"Correlatos de atividade física e comportamento sedentário em crianças pré-escolares sul-americanas: revisão de escopo. REVISTA PANAMERICANA DE SALUD PUBLICA-PAN AMERICAN JOURNAL OF PUBLIC HEALTH, v. 46, p. 1, 2022",artigo,REVISTA PANAMERICANA DE SALUD PUBLICA-PAN AMERICAN JOURNAL OF PUBLIC HEALTH,,,,,,Scopus (SJR),,,90,origem=planilha_nova | sincronizado_revisao
462,Paulo Felipe Ribeiro Bandeira,"YWGNE, JOSÉ",2024,"An ecological view on the correlates of sedentary behavior in Brazilian adolescents: a cross-sectional study with network analysis. Journal of Activity, Sedentary and Sleep Behaviors, v. 3, p. 1-10, 2024",artigo,"Journal of Activity, Sedentary and Sleep Behaviors",,,,,,Scopus (SJR),,,90,origem=planilha_nova | sincronizado_revisao
463,Leonardo Gomes de Oliveira Luz,"YWGNE, JOSÉ",2024,"An ecological view on the correlates of sedentary behavior in Brazilian adolescents: a cross-sectional study with network analysis. Journal of Activity, Sedentary and Sleep Behaviors, v. 3, p. 1, 2024",artigo,"Journal of Activity, Sedentary and Sleep Behaviors",,,,,,Scopus (SJR),,,90,origem=planilha_nova | sincronizado_revisao
464,Tony Meireles dos Santos,"ZAPATERRA CAMPOS, EDUARDO",2026,"A -Further-Step- Toward Considering Exercise Session Duration in Training Prescription. MEDICINE AND SCIENCE IN SPORTS AND EXERCISE, v. 9, p. 1, 2026",artigo,MEDICINE AND SCIENCE IN SPORTS AND EXERCISE,,,,,,Scopus (SJR),,,90,origem=planilha_nova | sincronizado_revisao
465,Rafael dos Santos Henrique,"ZHOU, BIN",2024,"General and abdominal adiposity and hypertension in eight world regions: a pooled analysis of 837 population-based studies with 7·5 million participants. LANCET, v. 404, p. 851-863, 2024",artigo,LANCET,,,,,,,,,,origem=planilha_nova | sincronizado_revisao
466,Daniel da Rocha Queiroz,"ZHOU, BIN",2021,"Worldwide trends in hypertension prevalence and progress in treatment and control from 1990 to 2019: a pooled analysis of 1201 population-representative studies with 104 million participants. LANCET, v. X, p. 2, 2021",artigo,LANCET,,,,,,,,,,origem=planilha_nova | sincronizado_revisao
467,Rafael dos Santos Henrique,"ZHOU, BIN",2021,"Worldwide trends in hypertension prevalence and progress in treatment and control from 1990 to 2019: a pooled analysis of 1201 population-representative studies with 104 million participants. LANCET, v. X, p. 1-24, 2021",artigo,LANCET,,,,,,,,,,origem=planilha_nova | sincronizado_revisao
468,Rafael dos Santos Henrique,"ZHOU, BIN",2026,"Obesity rise plateaus in developed nations and accelerates in developing nations. NATURE, v. 653, p. 510-518, 2026",artigo,NATURE,,,,,,Scopus (SJR),,,90,origem=planilha_nova | sincronizado_revisao
469,Rafael dos Santos Henrique,"ZHOU, BIN",2024,"Worldwide trends in diabetes prevalence and treatment from 1990 to 2022: a pooled analysis of 1108 population-representative studies with 141 million participants. LANCET, v. efirst, p. 1-17, 2024",artigo,LANCET,,,,,,,,,,origem=planilha_nova | sincronizado_revisao
470,Rafael dos Santos Henrique,"ZHOU, BIN",2023,"Global variation in diabetes diagnosis and prevalence based on fasting glucose and hemoglobin A1c. NATURE MEDICINE, v. 29, p. 2885-2901, 2023",artigo,NATURE MEDICINE,,,28852901,,,Scopus (SJR),,,90,origem=planilha_nova | sincronizado_revisao
