id,docente,autores,ano,titulo,categoria,tipo_produto,subtipo,formato,finalidade,local,cidade,total_produtos,pagina_pdf,fonte_pdf,observacoes
1,Clarice Maria de Lucena Martins,,,---,Sem produção,Sem Produção,,,,,,0,,Produção Técnica docente 2026_06.xlsx,---
2,Guilherme Assunção Ferreira,,,---,Sem produção,Sem Produção,,,,,,0,,Produção Técnica docente 2026_06.xlsx,---
3,Melissa Leandro Celestino,,,---,Sem produção,Sem Produção,,,,,,0,,Produção Técnica docente 2026_06.xlsx,---
4,Tony Meireles dos Santos,,2004,"SANTOS, TONY MEIRELES DOS. ATC - Aerobic Training Card. 2004.",Com produção,Produtos tecnológicos,,,,,,1,,Produção Técnica docente 2026_06.xlsx,"SANTOS, TONY MEIRELES DOS. ATC - Aerobic Training Card. 2004."
5,Paulo Felipe Ribeiro Bandeira,,2010,"BANDEIRA, P. F. R.. Avaliação do Desenvolvimento Motor Infantil: Pré Escolar ao Ensino Fundamental. 2010. (Curso de curta duração ministrado/Outra).",Com produção,Demais tipos,Curso de curta duração ministrado/Outra,,,,,1,,Produção Técnica docente 2026_06.xlsx,"BANDEIRA, P. F. R.. Avaliação do Desenvolvimento Motor Infantil: Pré Escolar ao Ensino Fundamental. 2010. (Curso de curta duração ministrado/Outra)."
6,Paulo Felipe Ribeiro Bandeira,,2014,"BANDEIRA, P. F. R.. Avaliação e Intervenção Motora. 2014. (Curso de curta duração ministrado/Outra).",Com produção,Demais tipos,Curso de curta duração ministrado/Outra,,,,,1,,Produção Técnica docente 2026_06.xlsx,"BANDEIRA, P. F. R.. Avaliação e Intervenção Motora. 2014. (Curso de curta duração ministrado/Outra)."
7,Paulo Felipe Ribeiro Bandeira,,2017,"BANDEIRA, P. F. R.. Avaliação motora adaptada. 2017. (Curso de curta duração ministrado/Outra).",Com produção,Demais tipos,Curso de curta duração ministrado/Outra,,,,,1,,Produção Técnica docente 2026_06.xlsx,"BANDEIRA, P. F. R.. Avaliação motora adaptada. 2017. (Curso de curta duração ministrado/Outra)."
8,Paulo Felipe Ribeiro Bandeira,,2017,"BANDEIRA, P. F. R.. Construção e Validação de Instrumentos: Aspectos Teóricos e Estatísticos. 2017. (Curso de curta duração ministrado/Outra).",Com produção,Demais tipos,Curso de curta duração ministrado/Outra,,,,,1,,Produção Técnica docente 2026_06.xlsx,"BANDEIRA, P. F. R.. Construção e Validação de Instrumentos: Aspectos Teóricos e Estatísticos. 2017. (Curso de curta duração ministrado/Outra)."
9,Paulo Felipe Ribeiro Bandeira,,2009,"BANDEIRA, P. F. R.; NOBRE, F. S. S. . ATIVIDADES NO TEMPO LIVRE, ESTADO NUTRICIONAL E DESENVOLVIMENTO MOTOR DE CRIANÇAS DE DIFERENTES CONTEXTOS SOCIOECONÔMICOS.. 2009. (Relatório de pesquisa).",Com produção,Demais tipos,Relatório de pesquisa,,,,,1,,Produção Técnica docente 2026_06.xlsx,"BANDEIRA, P. F. R.; NOBRE, F. S. S. . ATIVIDADES NO TEMPO LIVRE, ESTADO NUTRICIONAL E DESENVOLVIMENTO MOTOR DE CRIANÇAS DE DIFERENTES CONTEXTOS SOCIOECONÔMICOS.. 2009. (Relatório de pesquisa)."
10,Bruno Teixeira Barbosa,,2017,"BARBOSA, B. T.. ?Hidroginástica na Terceira Idade? realiza confraternização com usuários. 2017. (Programa de rádio ou TV/Entrevista).",Com produção,Entrevistas,Programa de rádio ou TV/Entrevista,,,,,1,,Produção Técnica docente 2026_06.xlsx,"BARBOSA, B. T.. ?Hidroginástica na Terceira Idade? realiza confraternização com usuários. 2017. (Programa de rádio ou TV/Entrevista)."
11,Bruno Teixeira Barbosa,,2018,"BARBOSA, B. T.. Alunos de Ed. Física criam acessórios sustentáveis para hidroginástica. 2018. (Programa de rádio ou TV/Entrevista).",Com produção,Entrevistas,Programa de rádio ou TV/Entrevista,,,,,1,,Produção Técnica docente 2026_06.xlsx,"BARBOSA, B. T.. Alunos de Ed. Física criam acessórios sustentáveis para hidroginástica. 2018. (Programa de rádio ou TV/Entrevista)."
12,Bruno Teixeira Barbosa,,2017,"BARBOSA, B. T.. Alunos organizam XXV Campeonato de Natação do UNIPÊ. 2017. (Programa de rádio ou TV/Entrevista).",Com produção,Entrevistas,Programa de rádio ou TV/Entrevista,,,,,1,,Produção Técnica docente 2026_06.xlsx,"BARBOSA, B. T.. Alunos organizam XXV Campeonato de Natação do UNIPÊ. 2017. (Programa de rádio ou TV/Entrevista)."
13,Bruno Teixeira Barbosa,,2017,"BARBOSA, B. T.. Aprendizagem motora na natação. 2017. (Desenvolvimento de material didático ou instrucional - Apostila).",Com produção,Demais tipos,Desenvolvimento de material didático ou instrucional - Apostila,,,,,1,,Produção Técnica docente 2026_06.xlsx,"BARBOSA, B. T.. Aprendizagem motora na natação. 2017. (Desenvolvimento de material didático ou instrucional - Apostila)."
14,Bruno Teixeira Barbosa,,2017,"BARBOSA, B. T.. Arena Aqua ocorre em novembro, no UNIPÊ. 2017. (Programa de rádio ou TV/Entrevista).",Com produção,Entrevistas,Programa de rádio ou TV/Entrevista,,,,,1,,Produção Técnica docente 2026_06.xlsx,"BARBOSA, B. T.. Arena Aqua ocorre em novembro, no UNIPÊ. 2017. (Programa de rádio ou TV/Entrevista)."
15,Bruno Teixeira Barbosa,,2018,"BARBOSA, B. T.. Docente de Educação Física é aprovado em programa de doutorado. 2018. (Programa de rádio ou TV/Entrevista).",Com produção,Entrevistas,Programa de rádio ou TV/Entrevista,,,,,1,,Produção Técnica docente 2026_06.xlsx,"BARBOSA, B. T.. Docente de Educação Física é aprovado em programa de doutorado. 2018. (Programa de rádio ou TV/Entrevista)."
16,Bruno Teixeira Barbosa,,2020,"BARBOSA, B. T.. Docente de Educação Física publica artigo sobre atividade física de adultos durante isolamento social. 2020. (Programa de rádio ou TV/Entrevista).",Com produção,Entrevistas,Programa de rádio ou TV/Entrevista,,,,,1,,Produção Técnica docente 2026_06.xlsx,"BARBOSA, B. T.. Docente de Educação Física publica artigo sobre atividade física de adultos durante isolamento social. 2020. (Programa de rádio ou TV/Entrevista)."
17,Bruno Teixeira Barbosa,,2017,"BARBOSA, B. T.. Docentes do UNIPÊ têm estudo publicado em revista internacional. 2017. (Programa de rádio ou TV/Entrevista).",Com produção,Entrevistas,Programa de rádio ou TV/Entrevista,,,,,1,,Produção Técnica docente 2026_06.xlsx,"BARBOSA, B. T.. Docentes do UNIPÊ têm estudo publicado em revista internacional. 2017. (Programa de rádio ou TV/Entrevista)."
18,Bruno Teixeira Barbosa,,2021,"BARBOSA, B. T.. Em estudo, especialistas avaliam treino de atletas de voleibol para observar os efeitos da fadiga mental causada pelo uso de redes sociais. 2021. (Programa de rádio ou TV/Entrevista).",Com produção,Entrevistas,Programa de rádio ou TV/Entrevista,,,,,1,,Produção Técnica docente 2026_06.xlsx,"BARBOSA, B. T.. Em estudo, especialistas avaliam treino de atletas de voleibol para observar os efeitos da fadiga mental causada pelo uso de redes sociais. 2021. (Programa de rádio ou TV/Entrevista)."
19,Bruno Teixeira Barbosa,,2020,"BARBOSA, B. T.. Em estudo, especialistas condicionam melhor qualidade de vida na pandemia à prática de exercício físico. 2020. (Programa de rádio ou TV/Entrevista).",Com produção,Entrevistas,Programa de rádio ou TV/Entrevista,,,,,1,,Produção Técnica docente 2026_06.xlsx,"BARBOSA, B. T.. Em estudo, especialistas condicionam melhor qualidade de vida na pandemia à prática de exercício físico. 2020. (Programa de rádio ou TV/Entrevista)."
20,Bruno Teixeira Barbosa,,2021,"BARBOSA, B. T.. Especialistas avaliam treino de atletas de voleibol para observar os efeitos da fadiga mental causada pelo uso de redes sociais. 2021. (Programa de rádio ou TV/Entrevista).",Com produção,Entrevistas,Programa de rádio ou TV/Entrevista,,,,,1,,Produção Técnica docente 2026_06.xlsx,"BARBOSA, B. T.. Especialistas avaliam treino de atletas de voleibol para observar os efeitos da fadiga mental causada pelo uso de redes sociais. 2021. (Programa de rádio ou TV/Entrevista)."
21,Bruno Teixeira Barbosa,,2020,"BARBOSA, B. T.. Especialistas condicionam melhor qualidade de vida na pandemia à prática de exercício físico. 2020. (Programa de rádio ou TV/Entrevista).",Com produção,Entrevistas,Programa de rádio ou TV/Entrevista,,,,,1,,Produção Técnica docente 2026_06.xlsx,"BARBOSA, B. T.. Especialistas condicionam melhor qualidade de vida na pandemia à prática de exercício físico. 2020. (Programa de rádio ou TV/Entrevista)."
22,Bruno Teixeira Barbosa,,2020,"BARBOSA, B. T.. Esporte ajuda a superar o isolamento. 2020. (Programa de rádio ou TV/Entrevista).",Com produção,Entrevistas,Programa de rádio ou TV/Entrevista,,,,,1,,Produção Técnica docente 2026_06.xlsx,"BARBOSA, B. T.. Esporte ajuda a superar o isolamento. 2020. (Programa de rádio ou TV/Entrevista)."
23,Bruno Teixeira Barbosa,,2020,"BARBOSA, B. T.. Esporte ajuda a superar o isolamento. 2020. (Programa de rádio ou TV/Entrevista).",Com produção,Entrevistas,Programa de rádio ou TV/Entrevista,,,,,1,,Produção Técnica docente 2026_06.xlsx,"BARBOSA, B. T.. Esporte ajuda a superar o isolamento. 2020. (Programa de rádio ou TV/Entrevista)."
24,Bruno Teixeira Barbosa,,2017,"BARBOSA, B. T.. Estudantes promovem Arena Aqua na Piscina do Unipê. 2017. (Programa de rádio ou TV/Entrevista).",Com produção,Entrevistas,Programa de rádio ou TV/Entrevista,,,,,1,,Produção Técnica docente 2026_06.xlsx,"BARBOSA, B. T.. Estudantes promovem Arena Aqua na Piscina do Unipê. 2017. (Programa de rádio ou TV/Entrevista)."
25,Bruno Teixeira Barbosa,,2021,"BARBOSA, B. T.. Estudo avalia treino de atletas para observar os efeitos da fadiga mental causada pelo uso de redes sociais. 2021. (Programa de rádio ou TV/Comentário).",Com produção,Entrevistas,Programa de rádio ou TV/Comentário,,,,,1,,Produção Técnica docente 2026_06.xlsx,"BARBOSA, B. T.. Estudo avalia treino de atletas para observar os efeitos da fadiga mental causada pelo uso de redes sociais. 2021. (Programa de rádio ou TV/Comentário)."
26,Bruno Teixeira Barbosa,,2021,"BARBOSA, B. T.. Fadiga mental induzida por redes sociais em smartphones prejudica performance em atletas de voleibol. 2021. (Programa de rádio ou TV/Entrevista).",Com produção,Entrevistas,Programa de rádio ou TV/Entrevista,,,,,1,,Produção Técnica docente 2026_06.xlsx,"BARBOSA, B. T.. Fadiga mental induzida por redes sociais em smartphones prejudica performance em atletas de voleibol. 2021. (Programa de rádio ou TV/Entrevista)."
27,Bruno Teixeira Barbosa,,2018,"BARBOSA, B. T.. Grupo de idosos encontrou na hidroginástica uma forma de manter qualidade de vida. 2018. (Programa de rádio ou TV/Entrevista).",Com produção,Entrevistas,Programa de rádio ou TV/Entrevista,,,,,1,,Produção Técnica docente 2026_06.xlsx,"BARBOSA, B. T.. Grupo de idosos encontrou na hidroginástica uma forma de manter qualidade de vida. 2018. (Programa de rádio ou TV/Entrevista)."
28,Bruno Teixeira Barbosa,,2017,"BARBOSA, B. T.. I Open de Natação do UNIPÊ acontece em novembro. 2017. (Programa de rádio ou TV/Entrevista).",Com produção,Entrevistas,Programa de rádio ou TV/Entrevista,,,,,1,,Produção Técnica docente 2026_06.xlsx,"BARBOSA, B. T.. I Open de Natação do UNIPÊ acontece em novembro. 2017. (Programa de rádio ou TV/Entrevista)."
29,Bruno Teixeira Barbosa,,2020,"BARBOSA, B. T.. Impacto da Covid-19 no esporte: docente de Educação Física publica artigo internacional. 2020. (Programa de rádio ou TV/Entrevista).",Com produção,Entrevistas,Programa de rádio ou TV/Entrevista,,,,,1,,Produção Técnica docente 2026_06.xlsx,"BARBOSA, B. T.. Impacto da Covid-19 no esporte: docente de Educação Física publica artigo internacional. 2020. (Programa de rádio ou TV/Entrevista)."
30,Bruno Teixeira Barbosa,,2020,"BARBOSA, B. T.. MELHOR DA IDADE: ATIVIDADE FÍSICA E ENVELHECIMENTO. 2020. (Programa de rádio ou TV/Entrevista).",Com produção,Entrevistas,Programa de rádio ou TV/Entrevista,,,,,1,,Produção Técnica docente 2026_06.xlsx,"BARBOSA, B. T.. MELHOR DA IDADE: ATIVIDADE FÍSICA E ENVELHECIMENTO. 2020. (Programa de rádio ou TV/Entrevista)."
31,Bruno Teixeira Barbosa,,2025,"BARBOSA, B. T.. Núcleo de Ensino, Pesquisa e Extensão em Esportes (NEPEESP). 2025; Tema: Esportes (https://www.instagram.com/nepeesp/). (Rede social).",Com produção,Redes sociais,Rede social,,,,,1,,Produção Técnica docente 2026_06.xlsx,"BARBOSA, B. T.. Núcleo de Ensino, Pesquisa e Extensão em Esportes (NEPEESP). 2025; Tema: Esportes (https://www.instagram.com/nepeesp/). (Rede social)."
32,Bruno Teixeira Barbosa,,2020,"BARBOSA, B. T.. Prática de exercícios em casa melhorou a qualidade de vida na pandemia. 2020. (Programa de rádio ou TV/Entrevista).",Com produção,Entrevistas,Programa de rádio ou TV/Entrevista,,,,,1,,Produção Técnica docente 2026_06.xlsx,"BARBOSA, B. T.. Prática de exercícios em casa melhorou a qualidade de vida na pandemia. 2020. (Programa de rádio ou TV/Entrevista)."
33,Bruno Teixeira Barbosa,,2017,"BARBOSA, B. T.. Professor do UNIPÊ é convidado a revisar periódico internacional. 2017. (Programa de rádio ou TV/Entrevista).",Com produção,Entrevistas,Programa de rádio ou TV/Entrevista,,,,,1,,Produção Técnica docente 2026_06.xlsx,"BARBOSA, B. T.. Professor do UNIPÊ é convidado a revisar periódico internacional. 2017. (Programa de rádio ou TV/Entrevista)."
34,Bruno Teixeira Barbosa,,2017,"BARBOSA, B. T.. Professor do UNIPÊ tem artigo publicado em revista alemã. 2017. (Programa de rádio ou TV/Entrevista).",Com produção,Entrevistas,Programa de rádio ou TV/Entrevista,,,,,1,,Produção Técnica docente 2026_06.xlsx,"BARBOSA, B. T.. Professor do UNIPÊ tem artigo publicado em revista alemã. 2017. (Programa de rádio ou TV/Entrevista)."
35,Bruno Teixeira Barbosa,,2024,"BARBOSA, B. T.; CARVALHO, A. J. M. ; BRITO, G. S. ; SANTANA, J. V. ; GADELHA, L. B. R. ; NASCIMENTO, I. A. . Atividades para o ensino didático-pedagogico dos fundamentos técnicos do Voleibol. 2024. (Desenvolvimento de material didático ou instrucional - Videoaula).",Com produção,Demais tipos,Desenvolvimento de material didático ou instrucional - Videoaula,,,,,1,,Produção Técnica docente 2026_06.xlsx,"BARBOSA, B. T.; CARVALHO, A. J. M. ; BRITO, G. S. ; SANTANA, J. V. ; GADELHA, L. B. R. ; NASCIMENTO, I. A. . Atividades para o ensino didático-pedagogico dos fundamentos técnicos do Voleibol. 2024. (Desenvolvimento de material didático ou instrucional - Videoaula)."
36,Bruno Teixeira Barbosa,,2024,"BARBOSA, B. T.; CAVALCANTE, C. V. ; VITAL, D. A. ; GOMES, D. E. S. ; SILVA, W. A. F. . Os 15 melhores exercícios para o ensino das habilidades técnicas do voleibol. 2024. (Desenvolvimento de material didático ou instrucional - Videoaula).",Com produção,Demais tipos,Desenvolvimento de material didático ou instrucional - Videoaula,,,,,1,,Produção Técnica docente 2026_06.xlsx,"BARBOSA, B. T.; CAVALCANTE, C. V. ; VITAL, D. A. ; GOMES, D. E. S. ; SILVA, W. A. F. . Os 15 melhores exercícios para o ensino das habilidades técnicas do voleibol. 2024. (Desenvolvimento de material didático ou instrucional - Videoaula)."
37,Bruno Teixeira Barbosa,,2024,"BARBOSA, B. T.; COSTA, A. V. L. ; PRADO, B. M. L. M. ; TENORIO, E. O. ; GADELHA, H. G. L. S. ; SILVA, J. G. M. ; OLIVEIRA, J. O. A. . Videoaula para o ensino dos fundamentos técnicos do voleibol. 2024. (Desenvolvimento de material didático ou instrucional - Videoaula).",Com produção,Demais tipos,Desenvolvimento de material didático ou instrucional - Videoaula,,,,,1,,Produção Técnica docente 2026_06.xlsx,"BARBOSA, B. T.; COSTA, A. V. L. ; PRADO, B. M. L. M. ; TENORIO, E. O. ; GADELHA, H. G. L. S. ; SILVA, J. G. M. ; OLIVEIRA, J. O. A. . Videoaula para o ensino dos fundamentos técnicos do voleibol. 2024. (Desenvolvimento de material didático ou instrucional - Videoaula)."
38,Bruno Teixeira Barbosa,,2018,"BARBOSA, B. T.; MELO, A. B. S. R. ; FERREIRA, C. H. L. . Grupo de estudos do Unipê tem artigo aceito em periódico internacional. 2018. (Programa de rádio ou TV/Entrevista).",Com produção,Entrevistas,Programa de rádio ou TV/Entrevista,,,,,1,,Produção Técnica docente 2026_06.xlsx,"BARBOSA, B. T.; MELO, A. B. S. R. ; FERREIRA, C. H. L. . Grupo de estudos do Unipê tem artigo aceito em periódico internacional. 2018. (Programa de rádio ou TV/Entrevista)."
39,Bruno Teixeira Barbosa,,2024,"BARBOSA, B. T.; ROCHA, A. L. ; SOUSA, C. A. F. ; OLIVEIRA, D. F. ; GUEDES, L. V. N. ; BRANCO, N. F. C. . Material didático-pedagógico para o ensino dos fundamentos técnicos do voleibol. 2024. (Desenvolvimento de material didático ou instrucional - Videoaula).",Com produção,Demais tipos,Desenvolvimento de material didático ou instrucional - Videoaula,,,,,1,,Produção Técnica docente 2026_06.xlsx,"BARBOSA, B. T.; ROCHA, A. L. ; SOUSA, C. A. F. ; OLIVEIRA, D. F. ; GUEDES, L. V. N. ; BRANCO, N. F. C. . Material didático-pedagógico para o ensino dos fundamentos técnicos do voleibol. 2024. (Desenvolvimento de material didático ou instrucional - Videoaula)."
40,Bruno Teixeira Barbosa,,2024,"BARBOSA, B. T.; SANTOS, A. V. S. ; SANTOS, B. H. S. ; SANTOS, E. N. N. ; SILVA, J. P. E. S. ; SILVA, N. S. S. O. . Videoaula para o ensino das habilidades técnicas do voleibol. 2024. (Desenvolvimento de material didático ou instrucional - Videoaula).",Com produção,Demais tipos,Desenvolvimento de material didático ou instrucional - Videoaula,,,,,1,,Produção Técnica docente 2026_06.xlsx,"BARBOSA, B. T.; SANTOS, A. V. S. ; SANTOS, B. H. S. ; SANTOS, E. N. N. ; SILVA, J. P. E. S. ; SILVA, N. S. S. O. . Videoaula para o ensino das habilidades técnicas do voleibol. 2024. (Desenvolvimento de material didático ou instrucional - Videoaula)."
41,Saulo Fernandes Melo de Oliveira,,2011,"BIONE, Afonso Augusto Guimarães ; OLIVEIRA, S. F. M. ; COSTA, M. C. . Sistema de Contagem e Medição da Potência Propulsiva. 2011.",Com produção,Programas de computador sem registro,,,,,,1,,Produção Técnica docente 2026_06.xlsx,"BIONE, Afonso Augusto Guimarães ; OLIVEIRA, S. F. M. ; COSTA, M. C. . Sistema de Contagem e Medição da Potência Propulsiva. 2011."
42,Eduardo Zapaterra Campos,,2015,"CAMPOS, E. Z.. Fisiologia, Metabolismo do Exercício e Treinamento. 2015. (Curso de curta duração ministrado/Especialização).",Com produção,Demais tipos,Curso de curta duração ministrado/Especialização,,,,,1,,Produção Técnica docente 2026_06.xlsx,"CAMPOS, E. Z.. Fisiologia, Metabolismo do Exercício e Treinamento. 2015. (Curso de curta duração ministrado/Especialização)."
43,Eduardo Zapaterra Campos,,2016,"CAMPOS, E. Z.. Fisiologia, Metabolismo do Exercício e Treinamento. 2016. (Curso de curta duração ministrado/Especialização).",Com produção,Demais tipos,Curso de curta duração ministrado/Especialização,,,,,1,,Produção Técnica docente 2026_06.xlsx,"CAMPOS, E. Z.. Fisiologia, Metabolismo do Exercício e Treinamento. 2016. (Curso de curta duração ministrado/Especialização)."
44,Eduardo Zapaterra Campos,,2017,"CAMPOS, E. Z.. Perceptual and Motor Skills. 2017.",Com produção,Assessoria e consultoria,,,,,,1,,Produção Técnica docente 2026_06.xlsx,"CAMPOS, E. Z.. Perceptual and Motor Skills. 2017."
45,Eduardo Zapaterra Campos,,2011,"CAMPOS, E. Z.. Periodização e Prescrição do Treinamento Esportivo. 2011. (Curso de curta duração ministrado/Extensão).",Com produção,Demais tipos,Curso de curta duração ministrado/Extensão,,,,,1,,Produção Técnica docente 2026_06.xlsx,"CAMPOS, E. Z.. Periodização e Prescrição do Treinamento Esportivo. 2011. (Curso de curta duração ministrado/Extensão)."
46,Eduardo Zapaterra Campos,,2011,"CAMPOS, E. Z.. Utilização da fisiologia do exercício na preparação de equipes profissionais de futebol. 2011. (Curso de curta duração ministrado/Outra).",Com produção,Demais tipos,Curso de curta duração ministrado/Outra,,,,,1,,Produção Técnica docente 2026_06.xlsx,"CAMPOS, E. Z.. Utilização da fisiologia do exercício na preparação de equipes profissionais de futebol. 2011. (Curso de curta duração ministrado/Outra)."
47,Eduardo Zapaterra Campos,,2017,"CAMPOS, EDUARDO Z.. Sports Science for Health - Parecer de artigo - quantidade: 1. 2017.",Com produção,Assessoria e consultoria,,,,,,1,,Produção Técnica docente 2026_06.xlsx,"CAMPOS, EDUARDO Z.. Sports Science for Health - Parecer de artigo - quantidade: 1. 2017."
48,Daniela Karina da Silva Ferreira,,2015,"CARVALHO, L.O. ; FERREIRA, Daniela Karina da Silva . Atividade Física, Qualidade de Vida e Saúde de Mulheres com Doença Vascular Periférica (Varizes).. 2015. (Relatório de pesquisa).",Com produção,Demais tipos,Relatório de pesquisa,,,,,1,,Produção Técnica docente 2026_06.xlsx,"CARVALHO, L.O. ; FERREIRA, Daniela Karina da Silva . Atividade Física, Qualidade de Vida e Saúde de Mulheres com Doença Vascular Periférica (Varizes).. 2015. (Relatório de pesquisa)."
49,Paulo Roberto Cavalcanti Carvalho,,2008,"CARVALHO, P. R. C.. A importância da prática da Atividade Física para portadores de HIV-AIDS. 2008. (Curso de curta duração ministrado/Outra).",Com produção,Demais tipos,Curso de curta duração ministrado/Outra,,,,,1,,Produção Técnica docente 2026_06.xlsx,"CARVALHO, P. R. C.. A importância da prática da Atividade Física para portadores de HIV-AIDS. 2008. (Curso de curta duração ministrado/Outra)."
50,Paulo Roberto Cavalcanti Carvalho,,2010,"CARVALHO, P. R. C.. A incessão do profissional de Educação Física no Sistema Único de Saúde (SUS). 2010. (Curso de curta duração ministrado/Outra).",Com produção,Demais tipos,Curso de curta duração ministrado/Outra,,,,,1,,Produção Técnica docente 2026_06.xlsx,"CARVALHO, P. R. C.. A incessão do profissional de Educação Física no Sistema Único de Saúde (SUS). 2010. (Curso de curta duração ministrado/Outra)."
51,Paulo Roberto Cavalcanti Carvalho,,2008,"CARVALHO, P. R. C.. A promoção da Saúde atráves da Educação Física: Esporte, Atividade Física e Exercício Físico. 2008. (Curso de curta duração ministrado/Outra).",Com produção,Demais tipos,Curso de curta duração ministrado/Outra,,,,,1,,Produção Técnica docente 2026_06.xlsx,"CARVALHO, P. R. C.. A promoção da Saúde atráves da Educação Física: Esporte, Atividade Física e Exercício Físico. 2008. (Curso de curta duração ministrado/Outra)."
52,Paulo Roberto Cavalcanti Carvalho,,2008,"CARVALHO, P. R. C.. Campanha de Responsabilidade Social - O dia para fazer a diferença. 2008.",Com produção,Trabalhos técnicos,,,,,,1,,Produção Técnica docente 2026_06.xlsx,"CARVALHO, P. R. C.. Campanha de Responsabilidade Social - O dia para fazer a diferença. 2008."
53,Paulo Roberto Cavalcanti Carvalho,,2003,"CARVALHO, P. R. C.. Curso de Especialização em Metodologia do Ensino da Biologia. 2003.",Com produção,Trabalhos técnicos,,,,,,1,,Produção Técnica docente 2026_06.xlsx,"CARVALHO, P. R. C.. Curso de Especialização em Metodologia do Ensino da Biologia. 2003."
54,Paulo Roberto Cavalcanti Carvalho,,2006,"CARVALHO, P. R. C.. Curso de Etologia Animal. 2006. (Curso de curta duração ministrado/Extensão).",Com produção,Demais tipos,Curso de curta duração ministrado/Extensão,,,,,1,,Produção Técnica docente 2026_06.xlsx,"CARVALHO, P. R. C.. Curso de Etologia Animal. 2006. (Curso de curta duração ministrado/Extensão)."
55,Paulo Roberto Cavalcanti Carvalho,,2007,"CARVALHO, P. R. C.. Desenvolvendo Competências para o Ensino de Educação Física. 2007. .",Com produção,Demais tipos,,,,,,1,,Produção Técnica docente 2026_06.xlsx,"CARVALHO, P. R. C.. Desenvolvendo Competências para o Ensino de Educação Física. 2007. ."
56,Paulo Roberto Cavalcanti Carvalho,,2007,"CARVALHO, P. R. C.. Especialização em Metodologia do Ensino das Ciências. 2007.",Com produção,Trabalhos técnicos,,,,,,1,,Produção Técnica docente 2026_06.xlsx,"CARVALHO, P. R. C.. Especialização em Metodologia do Ensino das Ciências. 2007."
57,Paulo Roberto Cavalcanti Carvalho,,2008,"CARVALHO, P. R. C.. Fases de uma pesquisa Cientifica. 2008. (Curso de curta duração ministrado/Outra).",Com produção,Demais tipos,Curso de curta duração ministrado/Outra,,,,,1,,Produção Técnica docente 2026_06.xlsx,"CARVALHO, P. R. C.. Fases de uma pesquisa Cientifica. 2008. (Curso de curta duração ministrado/Outra)."
58,Paulo Roberto Cavalcanti Carvalho,,2006,"CARVALHO, P. R. C.. Fisiologia do Exercício. 2006. (Curso de curta duração ministrado/Extensão).",Com produção,Demais tipos,Curso de curta duração ministrado/Extensão,,,,,1,,Produção Técnica docente 2026_06.xlsx,"CARVALHO, P. R. C.. Fisiologia do Exercício. 2006. (Curso de curta duração ministrado/Extensão)."
59,Paulo Roberto Cavalcanti Carvalho,,2010,"CARVALHO, P. R. C.. Ginástica Laboral. 2010. (Curso de curta duração ministrado/Outra).",Com produção,Demais tipos,Curso de curta duração ministrado/Outra,,,,,1,,Produção Técnica docente 2026_06.xlsx,"CARVALHO, P. R. C.. Ginástica Laboral. 2010. (Curso de curta duração ministrado/Outra)."
60,Paulo Roberto Cavalcanti Carvalho,,2010,"CARVALHO, P. R. C.. Tratamentos Complementares para a melhoria da qualidade de vida das PVHA. 2010. (Curso de curta duração ministrado/Outra).",Com produção,Demais tipos,Curso de curta duração ministrado/Outra,,,,,1,,Produção Técnica docente 2026_06.xlsx,"CARVALHO, P. R. C.. Tratamentos Complementares para a melhoria da qualidade de vida das PVHA. 2010. (Curso de curta duração ministrado/Outra)."
61,André dos Santos Costa,,2006,"COSTA, A. S.. Dieta e suplementação para eventos esportivos de curta e longa duração (módulo: Nutrição no Esporte) - Especialização em Medicina Desportiva / Ciências Aplicadas à Atividade Física.. 2006. (Curso de curta duração ministrado/Especialização).",Com produção,Demais tipos,Curso de curta duração ministrado/Especialização,,,,,1,,Produção Técnica docente 2026_06.xlsx,"COSTA, A. S.. Dieta e suplementação para eventos esportivos de curta e longa duração (módulo: Nutrição no Esporte) - Especialização em Medicina Desportiva / Ciências Aplicadas à Atividade Física.. 2006. (Curso de curta duração ministrado/Especialização)."
62,André dos Santos Costa,,2004,"COSTA, A. S.. Mestabolismo e Nutrição - tema: Noções Básicas de Nutrição. 2004. (Curso de curta duração ministrado/Extensão).",Com produção,Demais tipos,Curso de curta duração ministrado/Extensão,,,,,1,,Produção Técnica docente 2026_06.xlsx,"COSTA, A. S.. Mestabolismo e Nutrição - tema: Noções Básicas de Nutrição. 2004. (Curso de curta duração ministrado/Extensão)."
63,André dos Santos Costa,,2012,"Costa, A.S.; PAES, P. P. . Programa Cabeça de Área. 2012. (Programa de rádio ou TV/Entrevista).",Com produção,Entrevistas,Programa de rádio ou TV/Entrevista,,,,,1,,Produção Técnica docente 2026_06.xlsx,"Costa, A.S.; PAES, P. P. . Programa Cabeça de Área. 2012. (Programa de rádio ou TV/Entrevista)."
64,Tony Meireles dos Santos,,2010,"Cury TCP ; SANTOS, TONY MEIRELES DOS ; Nakamura FY . Compor a comissão de premiação que irá definir a melhor tese defendida em 2010 nessa área. 2012.",Com produção,Processos ou técnicas,,,,,,1,,Produção Técnica docente 2026_06.xlsx,"Cury TCP ; SANTOS, TONY MEIRELES DOS ; Nakamura FY . Compor a comissão de premiação que irá definir a melhor tese defendida em 2010 nessa área. 2012."
65,Tony Meireles dos Santos,,2014,Dos Santos TM. Bases Teóricas para Avaliação e Prescrição do Exercicio Físico. 2014. .,Com produção,Demais tipos,,,,,,1,,Produção Técnica docente 2026_06.xlsx,Dos Santos TM. Bases Teóricas para Avaliação e Prescrição do Exercicio Físico. 2014. .
66,Tony Meireles dos Santos,,2014,"Dos Santos TM. Descortinando uma nova formação, assistência e educação permanente em saúde. 2014. (Curso de curta duração ministrado/Outra).",Com produção,Demais tipos,Curso de curta duração ministrado/Outra,,,,,1,,Produção Técnica docente 2026_06.xlsx,"Dos Santos TM. Descortinando uma nova formação, assistência e educação permanente em saúde. 2014. (Curso de curta duração ministrado/Outra)."
67,Tony Meireles dos Santos,,2014,Dos Santos TM. Fisiologia do Exercicio Aplicado as Doenças Crônicas não Transmissiveis. 2014. (Curso de curta duração ministrado/Especialização).,Com produção,Demais tipos,Curso de curta duração ministrado/Especialização,,,,,1,,Produção Técnica docente 2026_06.xlsx,Dos Santos TM. Fisiologia do Exercicio Aplicado as Doenças Crônicas não Transmissiveis. 2014. (Curso de curta duração ministrado/Especialização).
68,Vilde Gomes de Menezes,,2015,"Edílson Fernandes de Souza ; MENEZES, V. G. ; SANTOS, W.P ; LEONIDIO, L. F. . Sistema de Gestão de ações de Esporte (SIGESPORTE). 2015.",Com produção,Programas de computador sem registro,,,,,,1,,Produção Técnica docente 2026_06.xlsx,"Edílson Fernandes de Souza ; MENEZES, V. G. ; SANTOS, W.P ; LEONIDIO, L. F. . Sistema de Gestão de ações de Esporte (SIGESPORTE). 2015."
69,Ozeas de Lima Lins Filho,,2022,"FARAH, B. Q. ; LINS FILHO, O. L. . Estatística solidária - noções básicas de estatística aplicada a ciências da saúde. 2022. (Curso de curta duração ministrado/Extensão).",Com produção,Demais tipos,Curso de curta duração ministrado/Extensão,,,,,1,,Produção Técnica docente 2026_06.xlsx,"FARAH, B. Q. ; LINS FILHO, O. L. . Estatística solidária - noções básicas de estatística aplicada a ciências da saúde. 2022. (Curso de curta duração ministrado/Extensão)."
70,Daniel da Rocha Queiroz,,2025,"FEITOSA, S. B. ; WANDERLEY JÚNIOR, R. S ; SOUZA, A. P. ; OLIVEIRA, A. R. S. ; CAMAROTTI JUNIOR, F. ; AGUIAR, J. L. P. ; MEDEIROS, J. A. ; BERNARDO, R. A. L. ; SILVA, R. M. ; MACHADO, T. ; GOUVEIA, V. M. ; TORRES, W. S. ; BARROS, M. V. G. ; QUEIROZ, D. R. ; HARDMAN, C. M. . Trilha Epidemiológica. 2025. (Desenvolvimento de material didático ou instrucional - Jogo Educativo).",Com produção,Demais tipos,Desenvolvimento de material didático ou instrucional - Jogo Educativo,,,,,1,,Produção Técnica docente 2026_06.xlsx,"FEITOSA, S. B. ; WANDERLEY JÚNIOR, R. S ; SOUZA, A. P. ; OLIVEIRA, A. R. S. ; CAMAROTTI JUNIOR, F. ; AGUIAR, J. L. P. ; MEDEIROS, J. A. ; BERNARDO, R. A. L. ; SILVA, R. M. ; MACHADO, T. ; GOUVEIA, V. M. ; TORRES, W. S. ; BARROS, M. V. G. ; QUEIROZ, D. R. ; HARDMAN, C. M. . Trilha Epidemiológica. 2025. (Desenvolvimento de material didático ou instrucional - Jogo Educativo)."
71,Daniel da Rocha Queiroz,,2025,"FEITOSA, S. B. ; QUEIROZ, D. R. ; HARDMAN, C. M. . Cheio de Sistemas de Saúde. 2025. (Desenvolvimento de material didático ou instrucional - RECURSO EDUCACIONAL ABERTO (REA) - ÁUDIO)).",Com produção,Demais tipos,,,,,,1,,Produção Técnica docente 2026_06.xlsx,"FEITOSA, S. B. ; QUEIROZ, D. R. ; HARDMAN, C. M. . Cheio de Sistemas de Saúde. 2025. (Desenvolvimento de material didático ou instrucional - RECURSO EDUCACIONAL ABERTO (REA) - ÁUDIO))."
72,Pedro Pinheiro Paes,,2011,"FERNANDES, A. P. M. ; SANTOS, W. R. ; PAES, P. P. . Exercícios ajudam a controlar os efeitos colaterais do tratamento da aids. 2011. (Programa de rádio ou TV/Entrevista).",Com produção,Entrevistas,Programa de rádio ou TV/Entrevista,,,,,1,,Produção Técnica docente 2026_06.xlsx,"FERNANDES, A. P. M. ; SANTOS, W. R. ; PAES, P. P. . Exercícios ajudam a controlar os efeitos colaterais do tratamento da aids. 2011. (Programa de rádio ou TV/Entrevista)."
73,Daniela Karina da Silva Ferreira,,2010,"FERREIRA, Daniela Karina da Silva. PROGRAMA DE REORIENTAÇÃO DA FORMAÇÃO EM SAÚDE - PRÓ-SAÚDE. 2010.",Com produção,Assessoria e consultoria,,,,,,1,,Produção Técnica docente 2026_06.xlsx,"FERREIRA, Daniela Karina da Silva. PROGRAMA DE REORIENTAÇÃO DA FORMAÇÃO EM SAÚDE - PRÓ-SAÚDE. 2010."
74,Daniela Karina da Silva Ferreira,,2016,"FERREIRA, Daniela Karina da Silva; SILVA, R. N. ; FONSECA, R. M. C. ; FRANCA, T. L. ; MEIRELES, T. S. ; DAMASCENO, V. O. . NORMATIZAÇÃO DE TRABALHOS DE CONCLUSÃO DE CURSO EDUCAÇÃO FÍSICA ? LICENCIATURA/BACHARELADO. 2016. (Desenvolvimento de material didático ou instrucional - MANUAL).",Com produção,Demais tipos,Desenvolvimento de material didático ou instrucional - MANUAL,,,,,1,,Produção Técnica docente 2026_06.xlsx,"FERREIRA, Daniela Karina da Silva; SILVA, R. N. ; FONSECA, R. M. C. ; FRANCA, T. L. ; MEIRELES, T. S. ; DAMASCENO, V. O. . NORMATIZAÇÃO DE TRABALHOS DE CONCLUSÃO DE CURSO EDUCAÇÃO FÍSICA ? LICENCIATURA/BACHARELADO. 2016. (Desenvolvimento de material didático ou instrucional - MANUAL)."
75,Guilherme Assunção Ferreira,,2018,"FERREIRA, GUILHERME A.. O uso da frequência cardíaca como uma ferramenta de baixo custo para predição dos limiares metabólicos. 2018. (Curso de curta duração ministrado/Extensão).",Com produção,Demais tipos,Curso de curta duração ministrado/Extensão,,,,,1,,Produção Técnica docente 2026_06.xlsx,"FERREIRA, GUILHERME A.. O uso da frequência cardíaca como uma ferramenta de baixo custo para predição dos limiares metabólicos. 2018. (Curso de curta duração ministrado/Extensão)."
76,Ozeas de Lima Lins Filho,,2024,"LINS-FILHO, ODL.; Lourenço, Ana Beatriz ; Cavalcante, Anderson ; Lins e Silva, Carlos Eduardo ; de Oliveira, Christian ; da Silva, Cleydson ; Maia, Douglas ; Souto Maior, Eduardo ; dos Santos, Elton ; da Silva, Herluce ; Sobral, Igor ; Fraga, João Victor ; da Silva, José Leonardo ; Aguiar, José Lucas ; de Almeida, José Ricardo ; Gomes, Lucas ; Baptista, Monica ; Barros, Tércio ; Gomes, Willemax . MANUAL ? AVALIAÇÃO DO SONO. UM GUIA BÁSICO SOBRE COMO AVALIAR O SONO. 2024. (Desenvolvimento de material didático ou instrucional - Manual).",Com produção,Demais tipos,Desenvolvimento de material didático ou instrucional - Manual,,,,,1,,Produção Técnica docente 2026_06.xlsx,"LINS-FILHO, ODL.; Lourenço, Ana Beatriz ; Cavalcante, Anderson ; Lins e Silva, Carlos Eduardo ; de Oliveira, Christian ; da Silva, Cleydson ; Maia, Douglas ; Souto Maior, Eduardo ; dos Santos, Elton ; da Silva, Herluce ; Sobral, Igor ; Fraga, João Victor ; da Silva, José Leonardo ; Aguiar, José Lucas ; de Almeida, José Ricardo ; Gomes, Lucas ; Baptista, Monica ; Barros, Tércio ; Gomes, Willemax . MANUAL ? AVALIAÇÃO DO SONO. UM GUIA BÁSICO SOBRE COMO AVALIAR O SONO. 2024. (Desenvolvimento de material didático ou instrucional - Manual)."
77,Leonardo Gomes de Oliveira Luz,,2021,"LUZ, L. G. O.. A importância da prática de atividade física durante o tempo de pandemia. 2021. (Programa de rádio ou TV/Entrevista).",Com produção,Entrevistas,Programa de rádio ou TV/Entrevista,,,,,1,,Produção Técnica docente 2026_06.xlsx,"LUZ, L. G. O.. A importância da prática de atividade física durante o tempo de pandemia. 2021. (Programa de rádio ou TV/Entrevista)."
78,Leonardo Gomes de Oliveira Luz,,2020,"LUZ, L. G. O.. Laboratório de Cineantropometria, Atividade Física e Promoção da Saúde (LACAPS). 2020; Tema: Atividade Física e Saúde. (Rede social).",Com produção,Redes sociais,Rede social,,,,,1,,Produção Técnica docente 2026_06.xlsx,"LUZ, L. G. O.. Laboratório de Cineantropometria, Atividade Física e Promoção da Saúde (LACAPS). 2020; Tema: Atividade Física e Saúde. (Rede social)."
79,Leonardo Gomes de Oliveira Luz,,2020,"LUZ, L. G. O.. Laboratório de Cineantropometria, Atividade Física e Promoção da Saúde. 2020; Tema: Atividade Física e Saúde. (Rede social).",Com produção,Redes sociais,Rede social,,,,,1,,Produção Técnica docente 2026_06.xlsx,"LUZ, L. G. O.. Laboratório de Cineantropometria, Atividade Física e Promoção da Saúde. 2020; Tema: Atividade Física e Saúde. (Rede social)."
80,Leonardo Gomes de Oliveira Luz,,2009,"LUZ, L. G. O.; Cunha Júnior, A. T. . Laboratório de Cineantropometria, Atividade Física e Promoção da Saúde (LACAPS). 2009. (Desenvolvimento de material didático ou instrucional - Blog).",Com produção,Demais tipos,Desenvolvimento de material didático ou instrucional - Blog,,,,,1,,Produção Técnica docente 2026_06.xlsx,"LUZ, L. G. O.; Cunha Júnior, A. T. . Laboratório de Cineantropometria, Atividade Física e Promoção da Saúde (LACAPS). 2009. (Desenvolvimento de material didático ou instrucional - Blog)."
81,Daniela Karina da Silva Ferreira,,2011,"MACHADO, D. C. B. ; SALES, LOANA MOTEIRO ; NECO, P. E. C. ; FERREIRA, C. N. F. ; ALVES, Laryssa A. B. ; MOURA JÚNIOR, JAMES SILVA ; LIMA, NATÁLIA MARIA MESQUITA ; MARTINS, MARCELLE OLIVEIRA ; FERREIRA, Daniela Karina da Silva . TABULAÇÃO E ANÁLISE DOS DADOS DA PESQUISA ?FATORES ASSOCIADOS A PRÁTICA DE ATIVIDADES FÍSICAS EM AMBIENTES PÚBLICOS DA CIDADE DE JOÃO PESSOA-PB. 2011. (Relatório de pesquisa).",Com produção,Demais tipos,Relatório de pesquisa,,,,,1,,Produção Técnica docente 2026_06.xlsx,"MACHADO, D. C. B. ; SALES, LOANA MOTEIRO ; NECO, P. E. C. ; FERREIRA, C. N. F. ; ALVES, Laryssa A. B. ; MOURA JÚNIOR, JAMES SILVA ; LIMA, NATÁLIA MARIA MESQUITA ; MARTINS, MARCELLE OLIVEIRA ; FERREIRA, Daniela Karina da Silva . TABULAÇÃO E ANÁLISE DOS DADOS DA PESQUISA ?FATORES ASSOCIADOS A PRÁTICA DE ATIVIDADES FÍSICAS EM AMBIENTES PÚBLICOS DA CIDADE DE JOÃO PESSOA-PB. 2011. (Relatório de pesquisa)."
82,Tony Meireles dos Santos,,2026,"MEIRELES SANTOS, TONY; EZ CAMPOS ; HENRIQUE, S. R. . Estudo de Viabilidade para APCN D. 2026.",Com produção,Processos ou técnicas,,,,,,1,,Produção Técnica docente 2026_06.xlsx,"MEIRELES SANTOS, TONY; EZ CAMPOS ; HENRIQUE, S. R. . Estudo de Viabilidade para APCN D. 2026."
83,Daniela Karina da Silva Ferreira,,2015,"MENDONÇA, B. R. J. ; FERREIRA, Daniela Karina da Silva . Impactos dos Exercícios Físicos de Caminhada e Hidroginástica sobre a Qualidade de Vida e Saúde de Mulheres com Doença Vascular Periférica (Varizes). 2015. (Relatório de pesquisa).",Com produção,Demais tipos,Relatório de pesquisa,,,,,1,,Produção Técnica docente 2026_06.xlsx,"MENDONÇA, B. R. J. ; FERREIRA, Daniela Karina da Silva . Impactos dos Exercícios Físicos de Caminhada e Hidroginástica sobre a Qualidade de Vida e Saúde de Mulheres com Doença Vascular Periférica (Varizes). 2015. (Relatório de pesquisa)."
84,Vilde Gomes de Menezes,,2015,"MENEZES, V. G.. I Curso de Especialização em Gestão da Educação Municipal. 2015. (Curso de curta duração ministrado/Especialização).",Com produção,Demais tipos,Curso de curta duração ministrado/Especialização,,,,,1,,Produção Técnica docente 2026_06.xlsx,"MENEZES, V. G.. I Curso de Especialização em Gestão da Educação Municipal. 2015. (Curso de curta duração ministrado/Especialização)."
85,Vilde Gomes de Menezes,,2015,"MENEZES, V. G.. I Curso de Especialização em Gestão da Educação Municipal. 2015. (Curso de curta duração ministrado/Especialização).",Com produção,Demais tipos,Curso de curta duração ministrado/Especialização,,,,,1,,Produção Técnica docente 2026_06.xlsx,"MENEZES, V. G.. I Curso de Especialização em Gestão da Educação Municipal. 2015. (Curso de curta duração ministrado/Especialização)."
86,Vilde Gomes de Menezes,,2015,"MENEZES, V. G.. I Curso de Especialização em Gestão da Educação Municipal. 2015. (Curso de curta duração ministrado/Especialização).",Com produção,Demais tipos,Curso de curta duração ministrado/Especialização,,,,,1,,Produção Técnica docente 2026_06.xlsx,"MENEZES, V. G.. I Curso de Especialização em Gestão da Educação Municipal. 2015. (Curso de curta duração ministrado/Especialização)."
87,Vilde Gomes de Menezes,,2015,"MENEZES, V. G.. I Curso de especialização em Gestão da Educação Municipal. 2015. (Curso de curta duração ministrado/Especialização).",Com produção,Demais tipos,Curso de curta duração ministrado/Especialização,,,,,1,,Produção Técnica docente 2026_06.xlsx,"MENEZES, V. G.. I Curso de especialização em Gestão da Educação Municipal. 2015. (Curso de curta duração ministrado/Especialização)."
88,Vilde Gomes de Menezes,,2016,"MENEZES, V. G.. I Curso de Especialização em Gestão da Educação Municipal. 2016. (Curso de curta duração ministrado/Especialização).",Com produção,Demais tipos,Curso de curta duração ministrado/Especialização,,,,,1,,Produção Técnica docente 2026_06.xlsx,"MENEZES, V. G.. I Curso de Especialização em Gestão da Educação Municipal. 2016. (Curso de curta duração ministrado/Especialização)."
89,Vilde Gomes de Menezes,,2014,"MENEZES, V. G.. Programa de Residencia em Enfermagem do HC/UFPE. 2014. (Curso de curta duração ministrado/Outra).",Com produção,Demais tipos,Curso de curta duração ministrado/Outra,,,,,1,,Produção Técnica docente 2026_06.xlsx,"MENEZES, V. G.. Programa de Residencia em Enfermagem do HC/UFPE. 2014. (Curso de curta duração ministrado/Outra)."
90,Vilde Gomes de Menezes,,2012,"MENEZES, V. G.. V SIMPÓSIO INTERNACIONAL SOBRE JUVENTUDE BRASILEIRA. 2012.",Com produção,Trabalhos técnicos,,,,,,1,,Produção Técnica docente 2026_06.xlsx,"MENEZES, V. G.. V SIMPÓSIO INTERNACIONAL SOBRE JUVENTUDE BRASILEIRA. 2012."
91,Vilde Gomes de Menezes,,2013,"MENEZES, V. G.. XXI Encontro de Pesquisa Educacional do Norte e Nordeste. 2013. (Avaliadora).",Com produção,Demais tipos,Avaliadora,,,,,1,,Produção Técnica docente 2026_06.xlsx,"MENEZES, V. G.. XXI Encontro de Pesquisa Educacional do Norte e Nordeste. 2013. (Avaliadora)."
92,Vilde Gomes de Menezes,,2014,"MENEZES, V. G.; MELO, E.H.R ; SIMAS, T.L. ; COSTA, A. M. ; SILVA, F. V. ; GIRAO, M. V. F. ; PEREIRA, J. F. M. ; BARACHO, G. H. S. ; TASHIRO, T. . SAÚDE E ATIVIDADES FÍSICAS COMO ?DECORRÊNCIA? DA COPA DO MUNDO DE FUTEBOL DE 2014. 2015. (Relatório de pesquisa).",Com produção,Demais tipos,Relatório de pesquisa,,,,,1,,Produção Técnica docente 2026_06.xlsx,"MENEZES, V. G.; MELO, E.H.R ; SIMAS, T.L. ; COSTA, A. M. ; SILVA, F. V. ; GIRAO, M. V. F. ; PEREIRA, J. F. M. ; BARACHO, G. H. S. ; TASHIRO, T. . SAÚDE E ATIVIDADES FÍSICAS COMO ?DECORRÊNCIA? DA COPA DO MUNDO DE FUTEBOL DE 2014. 2015. (Relatório de pesquisa)."
93,Vilde Gomes de Menezes,,2016,"MENEZES, V. G.; SOUZA, E. F. ; REIS, M.C ; MELO, E.H.R ; SIMAS, T.L. ; COSTA, A. M. ; GIRAO, M. V. F. ; PEREIRA, J. F. M. ; SILVA, F. V. ; BARACHO, G. H. S. . POLÍTICAS PÚBLICAS E GESTÃO NO ESPORTE E LAZER NAS REGIÕES NORTE E NORDESTE DO BRASIL. 2016. (Relatório de pesquisa).",Com produção,Demais tipos,Relatório de pesquisa,,,,,1,,Produção Técnica docente 2026_06.xlsx,"MENEZES, V. G.; SOUZA, E. F. ; REIS, M.C ; MELO, E.H.R ; SIMAS, T.L. ; COSTA, A. M. ; GIRAO, M. V. F. ; PEREIRA, J. F. M. ; SILVA, F. V. ; BARACHO, G. H. S. . POLÍTICAS PÚBLICAS E GESTÃO NO ESPORTE E LAZER NAS REGIÕES NORTE E NORDESTE DO BRASIL. 2016. (Relatório de pesquisa)."
94,Daniela Karina da Silva Ferreira,,2011,"NECO, P. E. C. ; SALES, LOANA MOTEIRO ; MACHADO, D. C. B. ; FERREIRA, C. N. ; ALVES, Laryssa A. B. ; MOURA JÚNIOR, JAMES SILVA ; LIMA, NATÁLIA MARIA MESQUITA ; MARTINS, M. O. ; FERREIRA, Daniela Karina da Silva . BARREIRAS E FACILITADORES PARA A PRÁTICA DE ATIVIDADES FÍSICAS EM AMBIENTES PÚBLICOS NA CIDADE DE JOÃO PESSOA - PB. 2011. (Relatório de pesquisa).",Com produção,Demais tipos,Relatório de pesquisa,,,,,1,,Produção Técnica docente 2026_06.xlsx,"NECO, P. E. C. ; SALES, LOANA MOTEIRO ; MACHADO, D. C. B. ; FERREIRA, C. N. ; ALVES, Laryssa A. B. ; MOURA JÚNIOR, JAMES SILVA ; LIMA, NATÁLIA MARIA MESQUITA ; MARTINS, M. O. ; FERREIRA, Daniela Karina da Silva . BARREIRAS E FACILITADORES PARA A PRÁTICA DE ATIVIDADES FÍSICAS EM AMBIENTES PÚBLICOS NA CIDADE DE JOÃO PESSOA - PB. 2011. (Relatório de pesquisa)."
95,Tony Meireles dos Santos,,2010,"Oliveira BRR ; SANTOS, TONY MEIRELES DOS . Mapa de competências para ótimo desempenho nas atividades de docência e pesquisa. 2010. (Desenvolvimento de material didático ou instrucional - Mapa de Competências).",Com produção,Demais tipos,Desenvolvimento de material didático ou instrucional - Mapa de Competências,,,,,1,,Produção Técnica docente 2026_06.xlsx,"Oliveira BRR ; SANTOS, TONY MEIRELES DOS . Mapa de competências para ótimo desempenho nas atividades de docência e pesquisa. 2010. (Desenvolvimento de material didático ou instrucional - Mapa de Competências)."
96,Saulo Fernandes Melo de Oliveira,,2012,"OLIVEIRA, S. F. M.. Entrevista ao site PE no Gramado sobre a Feira Pernambuco Multiesportes 2012, e a demonstração testes simples para avaliação motora em praticantes de esporte de aventura e radicais.. 2012. (Programa de rádio ou TV/Entrevista).",Com produção,Entrevistas,Programa de rádio ou TV/Entrevista,,,,,1,,Produção Técnica docente 2026_06.xlsx,"OLIVEIRA, S. F. M.. Entrevista ao site PE no Gramado sobre a Feira Pernambuco Multiesportes 2012, e a demonstração testes simples para avaliação motora em praticantes de esporte de aventura e radicais.. 2012. (Programa de rádio ou TV/Entrevista)."
97,Saulo Fernandes Melo de Oliveira,,2007,"OLIVEIRA, S. F. M.. Intervenção em Treinamento Esportivo no Atletismo. Avaliação da proficiencia e do nível de conhecimento dos treinadores e atletas sobre os principios do treinamento desportivo e suas implicações metodológicas. 2007. (Relatório de pesquisa).",Com produção,Demais tipos,Relatório de pesquisa,,,,,1,,Produção Técnica docente 2026_06.xlsx,"OLIVEIRA, S. F. M.. Intervenção em Treinamento Esportivo no Atletismo. Avaliação da proficiencia e do nível de conhecimento dos treinadores e atletas sobre os principios do treinamento desportivo e suas implicações metodológicas. 2007. (Relatório de pesquisa)."
98,Saulo Fernandes Melo de Oliveira,,2007,"OLIVEIRA, S. F. M.. Planilha para Avaliação Física. 2007.",Com produção,Programas de computador sem registro,,,,,,1,,Produção Técnica docente 2026_06.xlsx,"OLIVEIRA, S. F. M.. Planilha para Avaliação Física. 2007."
99,Saulo Fernandes Melo de Oliveira,,2011,"OLIVEIRA, S. F. M.; COSTA, M. C. ; BIONE, Afonso Augusto Guimarães . Dinamômetro Compacto para Usuários de cadeiras de Rodas (DINACOM). 2011.",Com produção,Produtos tecnológicos,,,,,,1,,Produção Técnica docente 2026_06.xlsx,"OLIVEIRA, S. F. M.; COSTA, M. C. ; BIONE, Afonso Augusto Guimarães . Dinamômetro Compacto para Usuários de cadeiras de Rodas (DINACOM). 2011."
100,Saulo Fernandes Melo de Oliveira,,2015,"Oliveira, Saulo Fernandes Melo de; Brito-Gomes, Jorge Luiz . Capacitação para avaliadores de atletas master em aptidão física e desempenho motor. 2015. (Curso de curta duração ministrado/Extensão).",Com produção,Demais tipos,Curso de curta duração ministrado/Extensão,,,,,1,,Produção Técnica docente 2026_06.xlsx,"Oliveira, Saulo Fernandes Melo de; Brito-Gomes, Jorge Luiz . Capacitação para avaliadores de atletas master em aptidão física e desempenho motor. 2015. (Curso de curta duração ministrado/Extensão)."
101,Paulo Felipe Ribeiro Bandeira,,2018,P.F.R BANDEIRA. Iniciação à Modelagem de Equação Estrutural. 2018. .,Com produção,Demais tipos,,,,,,1,,Produção Técnica docente 2026_06.xlsx,P.F.R BANDEIRA. Iniciação à Modelagem de Equação Estrutural. 2018. .
102,Pedro Pinheiro Paes,,2004,"PAES, P. P.. Avaliação Física e Fisiologia do Exercício. 2004. (Curso de curta duração ministrado/Extensão).",Com produção,Demais tipos,Curso de curta duração ministrado/Extensão,,,,,1,,Produção Técnica docente 2026_06.xlsx,"PAES, P. P.. Avaliação Física e Fisiologia do Exercício. 2004. (Curso de curta duração ministrado/Extensão)."
103,Pedro Pinheiro Paes,,2009,"PAES, P. P.. Bases Fisiológicas do Treinamento de Velocidade. 2009. (Curso de curta duração ministrado/Especialização).",Com produção,Demais tipos,Curso de curta duração ministrado/Especialização,,,,,1,,Produção Técnica docente 2026_06.xlsx,"PAES, P. P.. Bases Fisiológicas do Treinamento de Velocidade. 2009. (Curso de curta duração ministrado/Especialização)."
104,Pedro Pinheiro Paes,,2009,"PAES, P. P.. Bases fisiológicas do treinamento de velocidade. 2009. (Curso de curta duração ministrado/Especialização).",Com produção,Demais tipos,Curso de curta duração ministrado/Especialização,,,,,1,,Produção Técnica docente 2026_06.xlsx,"PAES, P. P.. Bases fisiológicas do treinamento de velocidade. 2009. (Curso de curta duração ministrado/Especialização)."
105,Pedro Pinheiro Paes,,2008,"PAES, P. P.. Bases Fisiológicas do Treinamento Funcional. 2008. (Curso de curta duração ministrado/Extensão).",Com produção,Demais tipos,Curso de curta duração ministrado/Extensão,,,,,1,,Produção Técnica docente 2026_06.xlsx,"PAES, P. P.. Bases Fisiológicas do Treinamento Funcional. 2008. (Curso de curta duração ministrado/Extensão)."
106,Pedro Pinheiro Paes,,2000,"PAES, P. P.. Bioenergética e Métodos de Treinamento Desportivo. 2000. (Curso de curta duração ministrado/Extensão).",Com produção,Demais tipos,Curso de curta duração ministrado/Extensão,,,,,1,,Produção Técnica docente 2026_06.xlsx,"PAES, P. P.. Bioenergética e Métodos de Treinamento Desportivo. 2000. (Curso de curta duração ministrado/Extensão)."
107,Pedro Pinheiro Paes,,2024,"PAES, P. P.. Bioquímica e bioenergética do exercício aeróbio e anaeróbio. 2024. (Curso de curta duração ministrado/Especialização).",Com produção,Demais tipos,Curso de curta duração ministrado/Especialização,,,,,1,,Produção Técnica docente 2026_06.xlsx,"PAES, P. P.. Bioquímica e bioenergética do exercício aeróbio e anaeróbio. 2024. (Curso de curta duração ministrado/Especialização)."
108,Pedro Pinheiro Paes,,2024,"PAES, P. P.. Bioquímica e bioenergética do exercício aeróbio e anaeróbio. 2024. (Curso de curta duração ministrado/Especialização).",Com produção,Demais tipos,Curso de curta duração ministrado/Especialização,,,,,1,,Produção Técnica docente 2026_06.xlsx,"PAES, P. P.. Bioquímica e bioenergética do exercício aeróbio e anaeróbio. 2024. (Curso de curta duração ministrado/Especialização)."
109,Pedro Pinheiro Paes,,2010,"PAES, P. P.. Capacidades físicas: força. 2010. (Curso de curta duração ministrado/Especialização).",Com produção,Demais tipos,Curso de curta duração ministrado/Especialização,,,,,1,,Produção Técnica docente 2026_06.xlsx,"PAES, P. P.. Capacidades físicas: força. 2010. (Curso de curta duração ministrado/Especialização)."
110,Pedro Pinheiro Paes,,2011,"PAES, P. P.. Combinação de Cargas de Velocidade. 2011. (Curso de curta duração ministrado/Especialização).",Com produção,Demais tipos,Curso de curta duração ministrado/Especialização,,,,,1,,Produção Técnica docente 2026_06.xlsx,"PAES, P. P.. Combinação de Cargas de Velocidade. 2011. (Curso de curta duração ministrado/Especialização)."
111,Pedro Pinheiro Paes,,2011,"PAES, P. P.. Combinação de cargas de velocidade. 2011. (Curso de curta duração ministrado/Especialização).",Com produção,Demais tipos,Curso de curta duração ministrado/Especialização,,,,,1,,Produção Técnica docente 2026_06.xlsx,"PAES, P. P.. Combinação de cargas de velocidade. 2011. (Curso de curta duração ministrado/Especialização)."
112,Pedro Pinheiro Paes,,2010,"PAES, P. P.. Conceitos e Principios Básicos do Treinamento Deportivo. 2010. (Curso de curta duração ministrado/Especialização).",Com produção,Demais tipos,Curso de curta duração ministrado/Especialização,,,,,1,,Produção Técnica docente 2026_06.xlsx,"PAES, P. P.. Conceitos e Principios Básicos do Treinamento Deportivo. 2010. (Curso de curta duração ministrado/Especialização)."
113,Pedro Pinheiro Paes,,2010,"PAES, P. P.. Conceitos e princípios básicos do treinamento desportivo. Metodologia do treinamento de flexibilidade. Metodologia do treinamento de força. Metodologia do treinamento de resistência.. 2010. (Curso de curta duração ministrado/Especialização).",Com produção,Demais tipos,Curso de curta duração ministrado/Especialização,,,,,1,,Produção Técnica docente 2026_06.xlsx,"PAES, P. P.. Conceitos e princípios básicos do treinamento desportivo. Metodologia do treinamento de flexibilidade. Metodologia do treinamento de força. Metodologia do treinamento de resistência.. 2010. (Curso de curta duração ministrado/Especialização)."
114,Pedro Pinheiro Paes,,1993,"PAES, P. P.. Curso de Conhecimento Básico Sobre Treinamento Desportivo. 1993. (Curso de curta duração ministrado/Extensão).",Com produção,Demais tipos,Curso de curta duração ministrado/Extensão,,,,,1,,Produção Técnica docente 2026_06.xlsx,"PAES, P. P.. Curso de Conhecimento Básico Sobre Treinamento Desportivo. 1993. (Curso de curta duração ministrado/Extensão)."
115,Pedro Pinheiro Paes,,2015,"PAES, P. P.. Estratégias de treinamento e nutrição aplicadas ao emagrecimento. 2015. (Curso de curta duração ministrado/Especialização).",Com produção,Demais tipos,Curso de curta duração ministrado/Especialização,,,,,1,,Produção Técnica docente 2026_06.xlsx,"PAES, P. P.. Estratégias de treinamento e nutrição aplicadas ao emagrecimento. 2015. (Curso de curta duração ministrado/Especialização)."
116,Pedro Pinheiro Paes,,2015,"PAES, P. P.. Estratégias de treinamento e nutrição aplicadas ao emagrecimento. 2015. (Curso de curta duração ministrado/Especialização).",Com produção,Demais tipos,Curso de curta duração ministrado/Especialização,,,,,1,,Produção Técnica docente 2026_06.xlsx,"PAES, P. P.. Estratégias de treinamento e nutrição aplicadas ao emagrecimento. 2015. (Curso de curta duração ministrado/Especialização)."
117,Pedro Pinheiro Paes,,2012,"PAES, P. P.. Estudo da velocidade. 2012. (Curso de curta duração ministrado/Especialização).",Com produção,Demais tipos,Curso de curta duração ministrado/Especialização,,,,,1,,Produção Técnica docente 2026_06.xlsx,"PAES, P. P.. Estudo da velocidade. 2012. (Curso de curta duração ministrado/Especialização)."
118,Pedro Pinheiro Paes,,2009,"PAES, P. P.. Estudo das capacidades físicas básicas. 2009. (Curso de curta duração ministrado/Especialização).",Com produção,Demais tipos,Curso de curta duração ministrado/Especialização,,,,,1,,Produção Técnica docente 2026_06.xlsx,"PAES, P. P.. Estudo das capacidades físicas básicas. 2009. (Curso de curta duração ministrado/Especialização)."
119,Pedro Pinheiro Paes,,2009,"PAES, P. P.. Estudo das capacidades físicas básicas. 2009. (Curso de curta duração ministrado/Especialização).",Com produção,Demais tipos,Curso de curta duração ministrado/Especialização,,,,,1,,Produção Técnica docente 2026_06.xlsx,"PAES, P. P.. Estudo das capacidades físicas básicas. 2009. (Curso de curta duração ministrado/Especialização)."
120,Pedro Pinheiro Paes,,2013,"PAES, P. P.. Exercícios com pesos: da reabilitação ao treinamento de alto nível. 2013. (Curso de curta duração ministrado/Extensão).",Com produção,Demais tipos,Curso de curta duração ministrado/Extensão,,,,,1,,Produção Técnica docente 2026_06.xlsx,"PAES, P. P.. Exercícios com pesos: da reabilitação ao treinamento de alto nível. 2013. (Curso de curta duração ministrado/Extensão)."
121,Pedro Pinheiro Paes,,2016,"PAES, P. P.. Fisiologia do execício aplicada ás doenças crônico-degenerativas. 2016. (Curso de curta duração ministrado/Especialização).",Com produção,Demais tipos,Curso de curta duração ministrado/Especialização,,,,,1,,Produção Técnica docente 2026_06.xlsx,"PAES, P. P.. Fisiologia do execício aplicada ás doenças crônico-degenerativas. 2016. (Curso de curta duração ministrado/Especialização)."
122,Pedro Pinheiro Paes,,2003,"PAES, P. P.. Fisiologia do Exercício e Nutrição Aplicada. 2003. (Curso de curta duração ministrado/Especialização).",Com produção,Demais tipos,Curso de curta duração ministrado/Especialização,,,,,1,,Produção Técnica docente 2026_06.xlsx,"PAES, P. P.. Fisiologia do Exercício e Nutrição Aplicada. 2003. (Curso de curta duração ministrado/Especialização)."
123,Pedro Pinheiro Paes,,2003,"PAES, P. P.. Fisiologia do exercício e nutrição aplicada. 2003. (Curso de curta duração ministrado/Especialização).",Com produção,Demais tipos,Curso de curta duração ministrado/Especialização,,,,,1,,Produção Técnica docente 2026_06.xlsx,"PAES, P. P.. Fisiologia do exercício e nutrição aplicada. 2003. (Curso de curta duração ministrado/Especialização)."
124,Pedro Pinheiro Paes,,2015,"PAES, P. P.. Fisiologia do exercício. 2015. (Curso de curta duração ministrado/Especialização).",Com produção,Demais tipos,Curso de curta duração ministrado/Especialização,,,,,1,,Produção Técnica docente 2026_06.xlsx,"PAES, P. P.. Fisiologia do exercício. 2015. (Curso de curta duração ministrado/Especialização)."
125,Pedro Pinheiro Paes,,2016,"PAES, P. P.. Fisiologia respiratória e exercício físico. 2016. (Curso de curta duração ministrado/Especialização).",Com produção,Demais tipos,Curso de curta duração ministrado/Especialização,,,,,1,,Produção Técnica docente 2026_06.xlsx,"PAES, P. P.. Fisiologia respiratória e exercício físico. 2016. (Curso de curta duração ministrado/Especialização)."
126,Pedro Pinheiro Paes,,2010,"PAES, P. P.. Handebol. 2010. (Desenvolvimento de material didático ou instrucional - Vídeo Aula).",Com produção,Demais tipos,Desenvolvimento de material didático ou instrucional - Vídeo Aula,,,,,1,,Produção Técnica docente 2026_06.xlsx,"PAES, P. P.. Handebol. 2010. (Desenvolvimento de material didático ou instrucional - Vídeo Aula)."
127,Pedro Pinheiro Paes,,2003,"PAES, P. P.. Metodologia das Atividades Terrestres. 2003. (Curso de curta duração ministrado/Especialização).",Com produção,Demais tipos,Curso de curta duração ministrado/Especialização,,,,,1,,Produção Técnica docente 2026_06.xlsx,"PAES, P. P.. Metodologia das Atividades Terrestres. 2003. (Curso de curta duração ministrado/Especialização)."
128,Pedro Pinheiro Paes,,2005,"PAES, P. P.. Metodologia do Treinamento Desportivo. 2005. (Curso de curta duração ministrado/Especialização).",Com produção,Demais tipos,Curso de curta duração ministrado/Especialização,,,,,1,,Produção Técnica docente 2026_06.xlsx,"PAES, P. P.. Metodologia do Treinamento Desportivo. 2005. (Curso de curta duração ministrado/Especialização)."
129,Pedro Pinheiro Paes,,2010,"PAES, P. P.. Metodologia do treinamento na infância e adolescência. 2010. (Curso de curta duração ministrado/Especialização).",Com produção,Demais tipos,Curso de curta duração ministrado/Especialização,,,,,1,,Produção Técnica docente 2026_06.xlsx,"PAES, P. P.. Metodologia do treinamento na infância e adolescência. 2010. (Curso de curta duração ministrado/Especialização)."
130,Pedro Pinheiro Paes,,2003,"PAES, P. P.. Metodologia dos esportes terrestres. 2003. (Curso de curta duração ministrado/Especialização).",Com produção,Demais tipos,Curso de curta duração ministrado/Especialização,,,,,1,,Produção Técnica docente 2026_06.xlsx,"PAES, P. P.. Metodologia dos esportes terrestres. 2003. (Curso de curta duração ministrado/Especialização)."
131,Pedro Pinheiro Paes,,2016,"PAES, P. P.. Métodos de treinamento de força. 2016. (Curso de curta duração ministrado/Especialização).",Com produção,Demais tipos,Curso de curta duração ministrado/Especialização,,,,,1,,Produção Técnica docente 2026_06.xlsx,"PAES, P. P.. Métodos de treinamento de força. 2016. (Curso de curta duração ministrado/Especialização)."
132,Pedro Pinheiro Paes,,2010,"PAES, P. P.. Métodos de Treinamento por Meio da Frequência Cardíaca. 2010. (Curso de curta duração ministrado/Outra).",Com produção,Demais tipos,Curso de curta duração ministrado/Outra,,,,,1,,Produção Técnica docente 2026_06.xlsx,"PAES, P. P.. Métodos de Treinamento por Meio da Frequência Cardíaca. 2010. (Curso de curta duração ministrado/Outra)."
133,Pedro Pinheiro Paes,,2015,"PAES, P. P.. Nutrição esportiva. 2015. (Curso de curta duração ministrado/Especialização).",Com produção,Demais tipos,Curso de curta duração ministrado/Especialização,,,,,1,,Produção Técnica docente 2026_06.xlsx,"PAES, P. P.. Nutrição esportiva. 2015. (Curso de curta duração ministrado/Especialização)."
134,Pedro Pinheiro Paes,,2016,"PAES, P. P.. Periodização do treinamento de força para indivíduos atletas e não atletas. 2016. (Curso de curta duração ministrado/Especialização).",Com produção,Demais tipos,Curso de curta duração ministrado/Especialização,,,,,1,,Produção Técnica docente 2026_06.xlsx,"PAES, P. P.. Periodização do treinamento de força para indivíduos atletas e não atletas. 2016. (Curso de curta duração ministrado/Especialização)."
135,Pedro Pinheiro Paes,,2011,"PAES, P. P.. Periodização em Esportes Individuais. 2011. (Curso de curta duração ministrado/Especialização).",Com produção,Demais tipos,Curso de curta duração ministrado/Especialização,,,,,1,,Produção Técnica docente 2026_06.xlsx,"PAES, P. P.. Periodização em Esportes Individuais. 2011. (Curso de curta duração ministrado/Especialização)."
136,Pedro Pinheiro Paes,,2011,"PAES, P. P.. Periodização em esportes individuais. 2011. (Curso de curta duração ministrado/Especialização).",Com produção,Demais tipos,Curso de curta duração ministrado/Especialização,,,,,1,,Produção Técnica docente 2026_06.xlsx,"PAES, P. P.. Periodização em esportes individuais. 2011. (Curso de curta duração ministrado/Especialização)."
137,Pedro Pinheiro Paes,,2010,"PAES, P. P.. Periodização no treinamento desportivo. 2010. (Curso de curta duração ministrado/Especialização).",Com produção,Demais tipos,Curso de curta duração ministrado/Especialização,,,,,1,,Produção Técnica docente 2026_06.xlsx,"PAES, P. P.. Periodização no treinamento desportivo. 2010. (Curso de curta duração ministrado/Especialização)."
138,Pedro Pinheiro Paes,,2011,"PAES, P. P.. Planejamento e Metodologia do Treinamento Desportivo. 2011. (Curso de curta duração ministrado/Especialização).",Com produção,Demais tipos,Curso de curta duração ministrado/Especialização,,,,,1,,Produção Técnica docente 2026_06.xlsx,"PAES, P. P.. Planejamento e Metodologia do Treinamento Desportivo. 2011. (Curso de curta duração ministrado/Especialização)."
139,Pedro Pinheiro Paes,,1998,"PAES, P. P.. Preparação Física no Futsal. 1998. (Curso de curta duração ministrado/Extensão).",Com produção,Demais tipos,Curso de curta duração ministrado/Extensão,,,,,1,,Produção Técnica docente 2026_06.xlsx,"PAES, P. P.. Preparação Física no Futsal. 1998. (Curso de curta duração ministrado/Extensão)."
140,Pedro Pinheiro Paes,,2008,"PAES, P. P.. Prescrição de treinamento de resistência e flexibilidade aplicado a pessoas sadias.. 2008. (Curso de curta duração ministrado/Especialização).",Com produção,Demais tipos,Curso de curta duração ministrado/Especialização,,,,,1,,Produção Técnica docente 2026_06.xlsx,"PAES, P. P.. Prescrição de treinamento de resistência e flexibilidade aplicado a pessoas sadias.. 2008. (Curso de curta duração ministrado/Especialização)."
141,Pedro Pinheiro Paes,,2008,"PAES, P. P.. Prescrição de treinamento de resistência e flexibilidade aplicado às pessoas sadias. 2008. (Curso de curta duração ministrado/Especialização).",Com produção,Demais tipos,Curso de curta duração ministrado/Especialização,,,,,1,,Produção Técnica docente 2026_06.xlsx,"PAES, P. P.. Prescrição de treinamento de resistência e flexibilidade aplicado às pessoas sadias. 2008. (Curso de curta duração ministrado/Especialização)."
142,Pedro Pinheiro Paes,,2010,"PAES, P. P.. Prescriçäo de Treinamento de Velocidade e Resistência. 2010. (Curso de curta duração ministrado/Especialização).",Com produção,Demais tipos,Curso de curta duração ministrado/Especialização,,,,,1,,Produção Técnica docente 2026_06.xlsx,"PAES, P. P.. Prescriçäo de Treinamento de Velocidade e Resistência. 2010. (Curso de curta duração ministrado/Especialização)."
143,Pedro Pinheiro Paes,,2010,"PAES, P. P.. Prescriçäo de Treinamento para Infância e Adolescência. 2010. (Curso de curta duração ministrado/Especialização).",Com produção,Demais tipos,Curso de curta duração ministrado/Especialização,,,,,1,,Produção Técnica docente 2026_06.xlsx,"PAES, P. P.. Prescriçäo de Treinamento para Infância e Adolescência. 2010. (Curso de curta duração ministrado/Especialização)."
144,Pedro Pinheiro Paes,,2010,"PAES, P. P.. Prescrição de treinamento por meio da frequência cardíaca. 2010. (Curso de curta duração ministrado/Extensão).",Com produção,Demais tipos,Curso de curta duração ministrado/Extensão,,,,,1,,Produção Técnica docente 2026_06.xlsx,"PAES, P. P.. Prescrição de treinamento por meio da frequência cardíaca. 2010. (Curso de curta duração ministrado/Extensão)."
145,Pedro Pinheiro Paes,,2010,"PAES, P. P.. Prescriçäo do Treinamento de Força, Velocidade, Resistência e Flexibilidade Aplicado às Pessoas Sadias. 2010. (Curso de curta duração ministrado/Especialização).",Com produção,Demais tipos,Curso de curta duração ministrado/Especialização,,,,,1,,Produção Técnica docente 2026_06.xlsx,"PAES, P. P.. Prescriçäo do Treinamento de Força, Velocidade, Resistência e Flexibilidade Aplicado às Pessoas Sadias. 2010. (Curso de curta duração ministrado/Especialização)."
146,Pedro Pinheiro Paes,,2011,"PAES, P. P.. Prescrição do treinamento de força, velocidade, resistência e flexibilidade aplicado ás pessoas sadias.. 2011. (Curso de curta duração ministrado/Especialização).",Com produção,Demais tipos,Curso de curta duração ministrado/Especialização,,,,,1,,Produção Técnica docente 2026_06.xlsx,"PAES, P. P.. Prescrição do treinamento de força, velocidade, resistência e flexibilidade aplicado ás pessoas sadias.. 2011. (Curso de curta duração ministrado/Especialização)."
147,Pedro Pinheiro Paes,,2010,"PAES, P. P.. Prescrição do treinamento de força. Velocidade, resistência e flexibilidade as pessoas sadias.. 2010. (Curso de curta duração ministrado/Especialização).",Com produção,Demais tipos,Curso de curta duração ministrado/Especialização,,,,,1,,Produção Técnica docente 2026_06.xlsx,"PAES, P. P.. Prescrição do treinamento de força. Velocidade, resistência e flexibilidade as pessoas sadias.. 2010. (Curso de curta duração ministrado/Especialização)."
148,Pedro Pinheiro Paes,,2015,"PAES, P. P.. Princípios do treinamento aplicados ao treinamento de força. 2015. (Curso de curta duração ministrado/Especialização).",Com produção,Demais tipos,Curso de curta duração ministrado/Especialização,,,,,1,,Produção Técnica docente 2026_06.xlsx,"PAES, P. P.. Princípios do treinamento aplicados ao treinamento de força. 2015. (Curso de curta duração ministrado/Especialização)."
149,Pedro Pinheiro Paes,,2013,"PAES, P. P.. Princípios do treinamento aplicados aos treinamentos de força. 2013. (Curso de curta duração ministrado/Especialização).",Com produção,Demais tipos,Curso de curta duração ministrado/Especialização,,,,,1,,Produção Técnica docente 2026_06.xlsx,"PAES, P. P.. Princípios do treinamento aplicados aos treinamentos de força. 2013. (Curso de curta duração ministrado/Especialização)."
150,Pedro Pinheiro Paes,,2012,"PAES, P. P.. Princípios do treinamento desportivo aplicados ao treinamento de flexibilidade, resistência e força na promoção da qualidade de vida. 2012. (Curso de curta duração ministrado/Extensão).",Com produção,Demais tipos,Curso de curta duração ministrado/Extensão,,,,,1,,Produção Técnica docente 2026_06.xlsx,"PAES, P. P.. Princípios do treinamento desportivo aplicados ao treinamento de flexibilidade, resistência e força na promoção da qualidade de vida. 2012. (Curso de curta duração ministrado/Extensão)."
151,Pedro Pinheiro Paes,,2010,"PAES, P. P.. Princípios pedagógicos da preparação desportiva. 2010. (Curso de curta duração ministrado/Especialização).",Com produção,Demais tipos,Curso de curta duração ministrado/Especialização,,,,,1,,Produção Técnica docente 2026_06.xlsx,"PAES, P. P.. Princípios pedagógicos da preparação desportiva. 2010. (Curso de curta duração ministrado/Especialização)."
152,Pedro Pinheiro Paes,,2010,"PAES, P. P.. Sistema neuromuscular. 2010. (Curso de curta duração ministrado/Especialização).",Com produção,Demais tipos,Curso de curta duração ministrado/Especialização,,,,,1,,Produção Técnica docente 2026_06.xlsx,"PAES, P. P.. Sistema neuromuscular. 2010. (Curso de curta duração ministrado/Especialização)."
153,Pedro Pinheiro Paes,,2010,"PAES, P. P.. Sistema neuromuscular. 2010. (Curso de curta duração ministrado/Especialização).",Com produção,Demais tipos,Curso de curta duração ministrado/Especialização,,,,,1,,Produção Técnica docente 2026_06.xlsx,"PAES, P. P.. Sistema neuromuscular. 2010. (Curso de curta duração ministrado/Especialização)."
154,Pedro Pinheiro Paes,,2013,"PAES, P. P.. Treinamento com pesos: da reabilitação ao alto nível. 2013. (Curso de curta duração ministrado/Extensão).",Com produção,Demais tipos,Curso de curta duração ministrado/Extensão,,,,,1,,Produção Técnica docente 2026_06.xlsx,"PAES, P. P.. Treinamento com pesos: da reabilitação ao alto nível. 2013. (Curso de curta duração ministrado/Extensão)."
155,Pedro Pinheiro Paes,,2005,"PAES, P. P.. Treinamento Desportivo. 2005. (Curso de curta duração ministrado/Especialização).",Com produção,Demais tipos,Curso de curta duração ministrado/Especialização,,,,,1,,Produção Técnica docente 2026_06.xlsx,"PAES, P. P.. Treinamento Desportivo. 2005. (Curso de curta duração ministrado/Especialização)."
156,Pedro Pinheiro Paes,,2005,"PAES, P. P.. Treinamento desportivo. 2005. (Curso de curta duração ministrado/Especialização).",Com produção,Demais tipos,Curso de curta duração ministrado/Especialização,,,,,1,,Produção Técnica docente 2026_06.xlsx,"PAES, P. P.. Treinamento desportivo. 2005. (Curso de curta duração ministrado/Especialização)."
157,Pedro Pinheiro Paes,,2006,"PAES, P. P.. Treinamento Desportivo. 2006. (Curso de curta duração ministrado/Especialização).",Com produção,Demais tipos,Curso de curta duração ministrado/Especialização,,,,,1,,Produção Técnica docente 2026_06.xlsx,"PAES, P. P.. Treinamento Desportivo. 2006. (Curso de curta duração ministrado/Especialização)."
158,Pedro Pinheiro Paes,,2006,"PAES, P. P.. Treinamento desportivo. 2006. (Curso de curta duração ministrado/Especialização).",Com produção,Demais tipos,Curso de curta duração ministrado/Especialização,,,,,1,,Produção Técnica docente 2026_06.xlsx,"PAES, P. P.. Treinamento desportivo. 2006. (Curso de curta duração ministrado/Especialização)."
159,Pedro Pinheiro Paes,,2007,"PAES, P. P.. Treinamento desportivo. 2007. (Curso de curta duração ministrado/Especialização).",Com produção,Demais tipos,Curso de curta duração ministrado/Especialização,,,,,1,,Produção Técnica docente 2026_06.xlsx,"PAES, P. P.. Treinamento desportivo. 2007. (Curso de curta duração ministrado/Especialização)."
160,Pedro Pinheiro Paes,,2007,"PAES, P. P.. Treinamento Desportivo. 2007. (Curso de curta duração ministrado/Especialização).",Com produção,Demais tipos,Curso de curta duração ministrado/Especialização,,,,,1,,Produção Técnica docente 2026_06.xlsx,"PAES, P. P.. Treinamento Desportivo. 2007. (Curso de curta duração ministrado/Especialização)."
161,Pedro Pinheiro Paes,,2008,"PAES, P. P.. Treinamento Desportivo. 2008. (Curso de curta duração ministrado/Especialização).",Com produção,Demais tipos,Curso de curta duração ministrado/Especialização,,,,,1,,Produção Técnica docente 2026_06.xlsx,"PAES, P. P.. Treinamento Desportivo. 2008. (Curso de curta duração ministrado/Especialização)."
162,Pedro Pinheiro Paes,,2008,"PAES, P. P.. Treinamento desportivo. 2008. (Curso de curta duração ministrado/Especialização).",Com produção,Demais tipos,Curso de curta duração ministrado/Especialização,,,,,1,,Produção Técnica docente 2026_06.xlsx,"PAES, P. P.. Treinamento desportivo. 2008. (Curso de curta duração ministrado/Especialização)."
163,Pedro Pinheiro Paes,,2009,"PAES, P. P.. Treinamento Desportivo. 2009. (Curso de curta duração ministrado/Especialização).",Com produção,Demais tipos,Curso de curta duração ministrado/Especialização,,,,,1,,Produção Técnica docente 2026_06.xlsx,"PAES, P. P.. Treinamento Desportivo. 2009. (Curso de curta duração ministrado/Especialização)."
164,Pedro Pinheiro Paes,,2009,"PAES, P. P.. Treinamento desportivo. 2009. (Curso de curta duração ministrado/Especialização).",Com produção,Demais tipos,Curso de curta duração ministrado/Especialização,,,,,1,,Produção Técnica docente 2026_06.xlsx,"PAES, P. P.. Treinamento desportivo. 2009. (Curso de curta duração ministrado/Especialização)."
165,Pedro Pinheiro Paes,,2024,"PAES, PEDRO P.. Fisiologia aplicada ao exercício clínico. 2024. (Curso de curta duração ministrado/Especialização).",Com produção,Demais tipos,Curso de curta duração ministrado/Especialização,,,,,1,,Produção Técnica docente 2026_06.xlsx,"PAES, PEDRO P.. Fisiologia aplicada ao exercício clínico. 2024. (Curso de curta duração ministrado/Especialização)."
166,Pedro Pinheiro Paes,,2026,"PAES, PEDRO P.; ALMEIDA, A. L. S. L. . BAND NEWS EM FORMA. 2026.",Com produção,Entrevistas,,,,,,1,,Produção Técnica docente 2026_06.xlsx,"PAES, PEDRO P.; ALMEIDA, A. L. S. L. . BAND NEWS EM FORMA. 2026."
167,Pedro Pinheiro Paes,,2017,"PAES, PEDRO PINHEIRO. Estudos avançados em treinamento desportivo planejamento do treinamento. 2017. (Curso de curta duração ministrado/Especialização).",Com produção,Demais tipos,Curso de curta duração ministrado/Especialização,,,,,1,,Produção Técnica docente 2026_06.xlsx,"PAES, PEDRO PINHEIRO. Estudos avançados em treinamento desportivo planejamento do treinamento. 2017. (Curso de curta duração ministrado/Especialização)."
168,Pedro Pinheiro Paes,,2017,Pedro Pinheiro Paes. Fisiologia do treinamento de rendimento. 2017. (Curso de curta duração ministrado/Especialização).,Com produção,Demais tipos,Curso de curta duração ministrado/Especialização,,,,,1,,Produção Técnica docente 2026_06.xlsx,Pedro Pinheiro Paes. Fisiologia do treinamento de rendimento. 2017. (Curso de curta duração ministrado/Especialização).
169,Pedro Pinheiro Paes,,2017,Pedro Pinheiro Paes. Fisiologia neuromuscular aplicada ao treinamento personalizado. 2017. (Curso de curta duração ministrado/Especialização).,Com produção,Demais tipos,Curso de curta duração ministrado/Especialização,,,,,1,,Produção Técnica docente 2026_06.xlsx,Pedro Pinheiro Paes. Fisiologia neuromuscular aplicada ao treinamento personalizado. 2017. (Curso de curta duração ministrado/Especialização).
170,Pedro Pinheiro Paes,,2024,Pedro Pinheiro Paes. Periodização no treinamento desportivo. 2024. (Curso de curta duração ministrado/Especialização).,Com produção,Demais tipos,Curso de curta duração ministrado/Especialização,,,,,1,,Produção Técnica docente 2026_06.xlsx,Pedro Pinheiro Paes. Periodização no treinamento desportivo. 2024. (Curso de curta duração ministrado/Especialização).
171,Pedro Pinheiro Paes,,2024,Pedro Pinheiro Paes. Periodização no treinamento esportivo. 2024. (Curso de curta duração ministrado/Especialização).,Com produção,Demais tipos,Curso de curta duração ministrado/Especialização,,,,,1,,Produção Técnica docente 2026_06.xlsx,Pedro Pinheiro Paes. Periodização no treinamento esportivo. 2024. (Curso de curta duração ministrado/Especialização).
172,Pedro Pinheiro Paes,,2013,"Pedro Pinheiro Paes; SOUZA, E. F. . Programa Cabeça de Área. 2013.",Com produção,Entrevistas,,,,,,1,,Produção Técnica docente 2026_06.xlsx,"Pedro Pinheiro Paes; SOUZA, E. F. . Programa Cabeça de Área. 2013."
173,Tony Meireles dos Santos,,2024,Pimentel E. ; Santos LER ; Santos TM ; Wanderley Júnior R.S. . Criação de Repositório Público de Dados de Projetos de Pesquisa e Extensão. 2024.,Com produção,Processos ou técnicas,,,,,,1,,Produção Técnica docente 2026_06.xlsx,Pimentel E. ; Santos LER ; Santos TM ; Wanderley Júnior R.S. . Criação de Repositório Público de Dados de Projetos de Pesquisa e Extensão. 2024.
174,Pedro Pinheiro Paes,,2023,"PINHEIRO PAES, PEDRO. Bioquímica e bioenergética do exercício aeróbio e anaeróbio. 2023. (Curso de curta duração ministrado/Especialização).",Com produção,Demais tipos,Curso de curta duração ministrado/Especialização,,,,,1,,Produção Técnica docente 2026_06.xlsx,"PINHEIRO PAES, PEDRO. Bioquímica e bioenergética do exercício aeróbio e anaeróbio. 2023. (Curso de curta duração ministrado/Especialização)."
175,Pedro Pinheiro Paes,,2020,"PINHEIRO PAES, PEDRO. Elaboração e prescrição de programa de treinamento de musculação. 2020. (Curso de curta duração ministrado/Especialização).",Com produção,Demais tipos,Curso de curta duração ministrado/Especialização,,,,,1,,Produção Técnica docente 2026_06.xlsx,"PINHEIRO PAES, PEDRO. Elaboração e prescrição de programa de treinamento de musculação. 2020. (Curso de curta duração ministrado/Especialização)."
176,Pedro Pinheiro Paes,,2023,"PINHEIRO PAES, PEDRO. Fisiologia aplicada ao exercício clínico. 2023. (Curso de curta duração ministrado/Especialização).",Com produção,Demais tipos,Curso de curta duração ministrado/Especialização,,,,,1,,Produção Técnica docente 2026_06.xlsx,"PINHEIRO PAES, PEDRO. Fisiologia aplicada ao exercício clínico. 2023. (Curso de curta duração ministrado/Especialização)."
177,Pedro Pinheiro Paes,,2021,"PINHEIRO PAES, PEDRO. Fisiologia do treinamento no futsal. 2021. (Curso de curta duração ministrado/Especialização).",Com produção,Demais tipos,Curso de curta duração ministrado/Especialização,,,,,1,,Produção Técnica docente 2026_06.xlsx,"PINHEIRO PAES, PEDRO. Fisiologia do treinamento no futsal. 2021. (Curso de curta duração ministrado/Especialização)."
178,Pedro Pinheiro Paes,,2022,"PINHEIRO PAES, PEDRO. Fisiologia neuromuscular. 2022. (Curso de curta duração ministrado/Especialização).",Com produção,Demais tipos,Curso de curta duração ministrado/Especialização,,,,,1,,Produção Técnica docente 2026_06.xlsx,"PINHEIRO PAES, PEDRO. Fisiologia neuromuscular. 2022. (Curso de curta duração ministrado/Especialização)."
179,Pedro Pinheiro Paes,,2023,"PINHEIRO PAES, PEDRO. Fisiologia no treinamento do futsal. 2023. (Curso de curta duração ministrado/Especialização).",Com produção,Demais tipos,Curso de curta duração ministrado/Especialização,,,,,1,,Produção Técnica docente 2026_06.xlsx,"PINHEIRO PAES, PEDRO. Fisiologia no treinamento do futsal. 2023. (Curso de curta duração ministrado/Especialização)."
180,Pedro Pinheiro Paes,,2022,"PINHEIRO PAES, PEDRO. Metodología e sistemas de treinamento na musculação. 2022. (Curso de curta duração ministrado/Especialização).",Com produção,Demais tipos,Curso de curta duração ministrado/Especialização,,,,,1,,Produção Técnica docente 2026_06.xlsx,"PINHEIRO PAES, PEDRO. Metodología e sistemas de treinamento na musculação. 2022. (Curso de curta duração ministrado/Especialização)."
181,Pedro Pinheiro Paes,,2021,"PINHEIRO PAES, PEDRO; KOHL, H. G. . Capoeira com a Escola: ações-reflexões-novas ações. 2021. (Curso de curta duração ministrado/Extensão).",Com produção,Demais tipos,Curso de curta duração ministrado/Extensão,,,,,1,,Produção Técnica docente 2026_06.xlsx,"PINHEIRO PAES, PEDRO; KOHL, H. G. . Capoeira com a Escola: ações-reflexões-novas ações. 2021. (Curso de curta duração ministrado/Extensão)."
182,Tony Meireles dos Santos,,2010,"Portugal EMM ; Oliveira BRR ; Sa Filho AS ; SANTOS, TONY MEIRELES DOS . Checklist para submissão de projetos ao Comitê de Ética em Pesquisa da Universidade Gama Filho. 2010.",Com produção,Processos ou técnicas,,,,,,1,,Produção Técnica docente 2026_06.xlsx,"Portugal EMM ; Oliveira BRR ; Sa Filho AS ; SANTOS, TONY MEIRELES DOS . Checklist para submissão de projetos ao Comitê de Ética em Pesquisa da Universidade Gama Filho. 2010."
183,Daniel da Rocha Queiroz,,2010,"QUEIROZ, D. R.. A intervenção das lutas na educação física. 2010. (Palestra).",Com produção,Demais tipos,Palestra,,,,,1,,Produção Técnica docente 2026_06.xlsx,"QUEIROZ, D. R.. A intervenção das lutas na educação física. 2010. (Palestra)."
184,Daniel da Rocha Queiroz,,2015,"QUEIROZ, D. R.. Competência motora de pré-escolares: Uma análise em crianças de escola pública e particular. 2015. (Palestra).",Com produção,Demais tipos,Palestra,,,,,1,,Produção Técnica docente 2026_06.xlsx,"QUEIROZ, D. R.. Competência motora de pré-escolares: Uma análise em crianças de escola pública e particular. 2015. (Palestra)."
185,Daniel da Rocha Queiroz,,2014,"QUEIROZ, D. R.. Competência motora e participação em esportes. 2014. (Palestra).",Com produção,Demais tipos,Palestra,,,,,1,,Produção Técnica docente 2026_06.xlsx,"QUEIROZ, D. R.. Competência motora e participação em esportes. 2014. (Palestra)."
186,Daniel da Rocha Queiroz,,2010,"QUEIROZ, D. R.. Curso de Auxiliar em Arbitragem Karatê. 2010. (Curso de curta duração ministrado/Extensão).",Com produção,Demais tipos,Curso de curta duração ministrado/Extensão,,,,,1,,Produção Técnica docente 2026_06.xlsx,"QUEIROZ, D. R.. Curso de Auxiliar em Arbitragem Karatê. 2010. (Curso de curta duração ministrado/Extensão)."
187,Daniel da Rocha Queiroz,,2019,"QUEIROZ, D. R.. Estudos para concurso: Como organizar meu tempo. 2019. (Curso de curta duração ministrado/Extensão).",Com produção,Demais tipos,Curso de curta duração ministrado/Extensão,,,,,1,,Produção Técnica docente 2026_06.xlsx,"QUEIROZ, D. R.. Estudos para concurso: Como organizar meu tempo. 2019. (Curso de curta duração ministrado/Extensão)."
188,Daniel da Rocha Queiroz,,2011,"QUEIROZ, D. R.. Funcionamento de Grêmios Estudantis Na Escola Superior de Educação Física ESEF-UPE. 2011. (Palestra).",Com produção,Demais tipos,Palestra,,,,,1,,Produção Técnica docente 2026_06.xlsx,"QUEIROZ, D. R.. Funcionamento de Grêmios Estudantis Na Escola Superior de Educação Física ESEF-UPE. 2011. (Palestra)."
189,Daniel da Rocha Queiroz,,2021,"QUEIROZ, D. R.. Grupo de Pesquisa em Atividade Física e Desenvolvimento Humano. 2021; Tema: Atividade física e desenvolvimento humano (https://www.instagram.com/gpaf.ufpe/). (Rede social).",Com produção,Redes sociais,Rede social,,,,,1,,Produção Técnica docente 2026_06.xlsx,"QUEIROZ, D. R.. Grupo de Pesquisa em Atividade Física e Desenvolvimento Humano. 2021; Tema: Atividade física e desenvolvimento humano (https://www.instagram.com/gpaf.ufpe/). (Rede social)."
190,Daniel da Rocha Queiroz,,2011,"QUEIROZ, D. R.. Lutas: prática emergente na educação física. 2011. (Palestra).",Com produção,Demais tipos,Palestra,,,,,1,,Produção Técnica docente 2026_06.xlsx,"QUEIROZ, D. R.. Lutas: prática emergente na educação física. 2011. (Palestra)."
191,Daniel da Rocha Queiroz,,2011,"QUEIROZ, D. R.. Organização e funcionamento das Entidades Estudantis da ESEF-UPE. 2011. (Palestra).",Com produção,Demais tipos,Palestra,,,,,1,,Produção Técnica docente 2026_06.xlsx,"QUEIROZ, D. R.. Organização e funcionamento das Entidades Estudantis da ESEF-UPE. 2011. (Palestra)."
192,Daniel da Rocha Queiroz,,2022,"QUEIROZ, D. R.. Parecer de capítulo para o livro comemorativo dos 10 anos da residência multiprofissional em Saúde da Família CCS/UFPE; RESIDÊNCIA MULTIPROFISSIONAL EM SAÚDE DA FAMÍLIA : 10 ANOS DE FORMAÇÃO COMPROMETIDA COM O SUS. 2022.",Com produção,Trabalhos técnicos,,,,,,1,,Produção Técnica docente 2026_06.xlsx,"QUEIROZ, D. R.. Parecer de capítulo para o livro comemorativo dos 10 anos da residência multiprofissional em Saúde da Família CCS/UFPE; RESIDÊNCIA MULTIPROFISSIONAL EM SAÚDE DA FAMÍLIA : 10 ANOS DE FORMAÇÃO COMPROMETIDA COM O SUS. 2022."
193,Daniel da Rocha Queiroz,,2012,"QUEIROZ, D. R.; POMPILIO, R. G. S. . Diretrizes Curriculares em Educação Física e Regulamentação da Profissão. 2012. (Palestra).",Com produção,Demais tipos,Palestra,,,,,1,,Produção Técnica docente 2026_06.xlsx,"QUEIROZ, D. R.; POMPILIO, R. G. S. . Diretrizes Curriculares em Educação Física e Regulamentação da Profissão. 2012. (Palestra)."
194,Daniel da Rocha Queiroz,,2011,"QUEIROZ, D. R.; POMPILIO, R. G. S. . Discussão sobre a regulamentação e diretrizes curriculares do curso de Educação Física. 2011. (Mesa Redonda).",Com produção,Demais tipos,Mesa Redonda,,,,,1,,Produção Técnica docente 2026_06.xlsx,"QUEIROZ, D. R.; POMPILIO, R. G. S. . Discussão sobre a regulamentação e diretrizes curriculares do curso de Educação Física. 2011. (Mesa Redonda)."
195,Daniel da Rocha Queiroz,,2013,"QUEIROZ, D. R.; POMPILIO, R. G. S. . Licenciatura Ampliada. 2013. (Palestra).",Com produção,Demais tipos,Palestra,,,,,1,,Produção Técnica docente 2026_06.xlsx,"QUEIROZ, D. R.; POMPILIO, R. G. S. . Licenciatura Ampliada. 2013. (Palestra)."
196,Daniel da Rocha Queiroz,,2015,"QUEIROZ, D. R.; SILVA, L. M. P. . Organização de artigos e gerenciamento de citações utilizando o Mendeley Desktop©. 2015. (Curso de curta duração ministrado/Extensão).",Com produção,Demais tipos,Curso de curta duração ministrado/Extensão,,,,,1,,Produção Técnica docente 2026_06.xlsx,"QUEIROZ, D. R.; SILVA, L. M. P. . Organização de artigos e gerenciamento de citações utilizando o Mendeley Desktop©. 2015. (Curso de curta duração ministrado/Extensão)."
197,Daniel da Rocha Queiroz,,2015,"QUEIROZ, D. R.; SILVA, L. M. P. . Utilização da Plataforma Lattes. 2015. (Curso de curta duração ministrado/Extensão).",Com produção,Demais tipos,Curso de curta duração ministrado/Extensão,,,,,1,,Produção Técnica docente 2026_06.xlsx,"QUEIROZ, D. R.; SILVA, L. M. P. . Utilização da Plataforma Lattes. 2015. (Curso de curta duração ministrado/Extensão)."
198,Daniel da Rocha Queiroz,,2014,"QUEIROZ, D. R.; Henrique, R.S. . Formação profissional em educação física e suas áreas de intervenção. 2014. (Palestra).",Com produção,Demais tipos,Palestra,,,,,1,,Produção Técnica docente 2026_06.xlsx,"QUEIROZ, D. R.; Henrique, R.S. . Formação profissional em educação física e suas áreas de intervenção. 2014. (Palestra)."
199,Daniela Karina da Silva Ferreira,,2011,"SALES, LOANA MOTEIRO ; NECO, P. E. C. ; MACHADO, D. C. B. ; FERREIRA, C. N. F. ; ALVES, Laryssa A. B. ; MOURA JÚNIOR, JAMES SILVA ; LIMA, NATÁLIA MARIA MESQUITA ; MARTINS, MARCELLE OLIVEIRA ; FERREIRA, Daniela Karina da Silva . AMBIENTES PÚBLICOS E PROGRAMAS DE ATIVIDADES FÍSICAS NA CIDADE DE JOÃO PESSOA - PB. 2011. (Relatório de pesquisa).",Com produção,Demais tipos,Relatório de pesquisa,,,,,1,,Produção Técnica docente 2026_06.xlsx,"SALES, LOANA MOTEIRO ; NECO, P. E. C. ; MACHADO, D. C. B. ; FERREIRA, C. N. F. ; ALVES, Laryssa A. B. ; MOURA JÚNIOR, JAMES SILVA ; LIMA, NATÁLIA MARIA MESQUITA ; MARTINS, MARCELLE OLIVEIRA ; FERREIRA, Daniela Karina da Silva . AMBIENTES PÚBLICOS E PROGRAMAS DE ATIVIDADES FÍSICAS NA CIDADE DE JOÃO PESSOA - PB. 2011. (Relatório de pesquisa)."
200,Tony Meireles dos Santos,,2013,Santos TM. ANÁLISE DE INDICADORES CIENCIOMÉTRICOS NAS CIÊNCIAS DA SAÚDE. 2013. (Curso de curta duração ministrado/Outra).,Com produção,Demais tipos,Curso de curta duração ministrado/Outra,,,,,1,,Produção Técnica docente 2026_06.xlsx,Santos TM. ANÁLISE DE INDICADORES CIENCIOMÉTRICOS NAS CIÊNCIAS DA SAÚDE. 2013. (Curso de curta duração ministrado/Outra).
201,Tony Meireles dos Santos,,2018,Santos TM. Análise de mérito AD-HOC - Pós Doutorado no exterior. 2018.,Com produção,Trabalhos técnicos,,,,,,1,,Produção Técnica docente 2026_06.xlsx,Santos TM. Análise de mérito AD-HOC - Pós Doutorado no exterior. 2018.
202,Tony Meireles dos Santos,,2018,Santos TM. Análise de mérito AD-HOC - Professor Visitante do Exterior Sênior - PVEX. 2018.,Com produção,Trabalhos técnicos,,,,,,1,,Produção Técnica docente 2026_06.xlsx,Santos TM. Análise de mérito AD-HOC - Professor Visitante do Exterior Sênior - PVEX. 2018.
203,Tony Meireles dos Santos,,2018,Santos TM. Análise de mérito AD-HOC - Professor Visitante do Exterior Sênior - PVEX. 2018.,Com produção,Trabalhos técnicos,,,,,,1,,Produção Técnica docente 2026_06.xlsx,Santos TM. Análise de mérito AD-HOC - Professor Visitante do Exterior Sênior - PVEX. 2018.
204,Tony Meireles dos Santos,,2018,Santos TM. Análise de mérito AD-HOC - Professor Visitante do Exterior Sênior - PVEX. 2018.,Com produção,Trabalhos técnicos,,,,,,1,,Produção Técnica docente 2026_06.xlsx,Santos TM. Análise de mérito AD-HOC - Professor Visitante do Exterior Sênior - PVEX. 2018.
205,Tony Meireles dos Santos,,2018,Santos TM. Análise de mérito AD-HOC - Programa de Apoio a Eventos no País - PAEP. 2018.,Com produção,Trabalhos técnicos,,,,,,1,,Produção Técnica docente 2026_06.xlsx,Santos TM. Análise de mérito AD-HOC - Programa de Apoio a Eventos no País - PAEP. 2018.
206,Tony Meireles dos Santos,,2018,Santos TM. Comissão de Avaliação dos APCNs - CAPES. 2018.,Com produção,Assessoria e consultoria,,,,,,1,,Produção Técnica docente 2026_06.xlsx,Santos TM. Comissão de Avaliação dos APCNs - CAPES. 2018.
207,Tony Meireles dos Santos,,2014,Santos TM. Corrida na rua ou musculação na academia: qual a melhor escolha para emagrecer. 2014. (Programa de rádio ou TV/Comentário).,Com produção,Entrevistas,Programa de rádio ou TV/Comentário,,,,,1,,Produção Técnica docente 2026_06.xlsx,Santos TM. Corrida na rua ou musculação na academia: qual a melhor escolha para emagrecer. 2014. (Programa de rádio ou TV/Comentário).
208,Tony Meireles dos Santos,,2014,Santos TM. Custo Energético dos Exercícios Resistidos: estado da arte. 2014. (Programa de rádio ou TV/Mesa redonda).,Com produção,Entrevistas,Programa de rádio ou TV/Mesa redonda,,,,,1,,Produção Técnica docente 2026_06.xlsx,Santos TM. Custo Energético dos Exercícios Resistidos: estado da arte. 2014. (Programa de rádio ou TV/Mesa redonda).
209,Tony Meireles dos Santos,,2013,"Santos TM. Fórum Nacional dos Coordenadores de Pós-Graduação em Educação Física, Fonoaudiologia, Fisioterapia e Terapia Ocupacional. 2013. (Reunião).",Com produção,Demais tipos,Reunião,,,,,1,,Produção Técnica docente 2026_06.xlsx,"Santos TM. Fórum Nacional dos Coordenadores de Pós-Graduação em Educação Física, Fonoaudiologia, Fisioterapia e Terapia Ocupacional. 2013. (Reunião)."
210,Tony Meireles dos Santos,,2014,Santos TM. Inovações e disseminação do conhecimento em EF e desporto. 2014. (Programa de rádio ou TV/Mesa redonda).,Com produção,Entrevistas,Programa de rádio ou TV/Mesa redonda,,,,,1,,Produção Técnica docente 2026_06.xlsx,Santos TM. Inovações e disseminação do conhecimento em EF e desporto. 2014. (Programa de rádio ou TV/Mesa redonda).
211,Tony Meireles dos Santos,,2012,Santos TM. Membro Ad Hoc da Comissão de Avaliação Trienal da Área 21 da CAPES. 2012.,Com produção,Assessoria e consultoria,,,,,,1,,Produção Técnica docente 2026_06.xlsx,Santos TM. Membro Ad Hoc da Comissão de Avaliação Trienal da Área 21 da CAPES. 2012.
212,Tony Meireles dos Santos,,2024,Santos TM. Modelo de intervenção para o aprendizado do surfe para nível 1 - sUrfPE N1. 2024.,Com produção,Processos ou técnicas,,,,,,1,,Produção Técnica docente 2026_06.xlsx,Santos TM. Modelo de intervenção para o aprendizado do surfe para nível 1 - sUrfPE N1. 2024.
213,Tony Meireles dos Santos,,2024,Santos TM. Modelo de intervenção para o aprendizado do surfe para nível 2 - sUrfPE N2. 2024.,Com produção,Processos ou técnicas,,,,,,1,,Produção Técnica docente 2026_06.xlsx,Santos TM. Modelo de intervenção para o aprendizado do surfe para nível 2 - sUrfPE N2. 2024.
214,Tony Meireles dos Santos,,2018,Santos TM. PARECER AD HOC - Periódico 'Biology of Sport'. 2018.,Com produção,Trabalhos técnicos,,,,,,1,,Produção Técnica docente 2026_06.xlsx,Santos TM. PARECER AD HOC - Periódico 'Biology of Sport'. 2018.
215,Tony Meireles dos Santos,,2018,Santos TM. PARECER AD HOC - Periódico 'Journal of Physical Education'. 2018.,Com produção,Trabalhos técnicos,,,,,,1,,Produção Técnica docente 2026_06.xlsx,Santos TM. PARECER AD HOC - Periódico 'Journal of Physical Education'. 2018.
216,Tony Meireles dos Santos,,2018,Santos TM. PARECER AD HOC - Periódico 'Revista Brasileira de Ciência e Movimento'. 2018.,Com produção,Trabalhos técnicos,,,,,,1,,Produção Técnica docente 2026_06.xlsx,Santos TM. PARECER AD HOC - Periódico 'Revista Brasileira de Ciência e Movimento'. 2018.
217,Tony Meireles dos Santos,,2024,Santos TM. Parecer CAPES: COFECUB (Comitê Francês de Avaliação da Cooperação Universitária e Científica com o Brasil). 2024.,Com produção,Assessoria e consultoria,,,,,,1,,Produção Técnica docente 2026_06.xlsx,Santos TM. Parecer CAPES: COFECUB (Comitê Francês de Avaliação da Cooperação Universitária e Científica com o Brasil). 2024.
218,Tony Meireles dos Santos,,2018,Santos TM. Parecer de artigo submetido à Revista Brasileira de Ciência e Movimento. 2018.,Com produção,Assessoria e consultoria,,,,,,1,,Produção Técnica docente 2026_06.xlsx,Santos TM. Parecer de artigo submetido à Revista Brasileira de Ciência e Movimento. 2018.
219,Tony Meireles dos Santos,,2017,Santos TM. Parecer de artigo submetido ao British J Sports Med. 2017.,Com produção,Assessoria e consultoria,,,,,,1,,Produção Técnica docente 2026_06.xlsx,Santos TM. Parecer de artigo submetido ao British J Sports Med. 2017.
220,Tony Meireles dos Santos,,2018,Santos TM. Parecer de artigo submetido ao Int J Sports Med. 2018.,Com produção,Assessoria e consultoria,,,,,,1,,Produção Técnica docente 2026_06.xlsx,Santos TM. Parecer de artigo submetido ao Int J Sports Med. 2018.
221,Tony Meireles dos Santos,,2019,Santos TM. Parecer de artigo submetido ao Int J Sports Med. 2019.,Com produção,Assessoria e consultoria,,,,,,1,,Produção Técnica docente 2026_06.xlsx,Santos TM. Parecer de artigo submetido ao Int J Sports Med. 2019.
222,Tony Meireles dos Santos,,2017,Santos TM. Parecer de artigo submetido ao Int J SPorts Physiol Perform. 2017.,Com produção,Assessoria e consultoria,,,,,,1,,Produção Técnica docente 2026_06.xlsx,Santos TM. Parecer de artigo submetido ao Int J SPorts Physiol Perform. 2017.
223,Tony Meireles dos Santos,,2018,Santos TM. Parecer de artigo submetido ao J Physical Activity and Health. 2018.,Com produção,Assessoria e consultoria,,,,,,1,,Produção Técnica docente 2026_06.xlsx,Santos TM. Parecer de artigo submetido ao J Physical Activity and Health. 2018.
224,Tony Meireles dos Santos,,2020,Santos TM. Parecer de paper reencaminhado para revisão no jornal Frontiers in Sports and Active Living. 2020.,Com produção,Assessoria e consultoria,,,,,,1,,Produção Técnica docente 2026_06.xlsx,Santos TM. Parecer de paper reencaminhado para revisão no jornal Frontiers in Sports and Active Living. 2020.
225,Tony Meireles dos Santos,,2017,Santos TM. Parecer de paper submetido ao jornal Biology of Sports. 2017.,Com produção,Assessoria e consultoria,,,,,,1,,Produção Técnica docente 2026_06.xlsx,Santos TM. Parecer de paper submetido ao jornal Biology of Sports. 2017.
226,Tony Meireles dos Santos,,2019,Santos TM. Parecerista Ad Hoc da CAPES PAEP 2019. 2020.,Com produção,Assessoria e consultoria,,,,,,1,,Produção Técnica docente 2026_06.xlsx,Santos TM. Parecerista Ad Hoc da CAPES PAEP 2019. 2020.
227,Tony Meireles dos Santos,,2019,Santos TM. Parecerista Ad Hoc da CAPES PAEP 2019. 2020.,Com produção,Assessoria e consultoria,,,,,,1,,Produção Técnica docente 2026_06.xlsx,Santos TM. Parecerista Ad Hoc da CAPES PAEP 2019. 2020.
228,Tony Meireles dos Santos,,2015,Santos TM. Parecerista de projetos de iniciação científica da FACEPE. 2015.,Com produção,Assessoria e consultoria,,,,,,1,,Produção Técnica docente 2026_06.xlsx,Santos TM. Parecerista de projetos de iniciação científica da FACEPE. 2015.
229,Tony Meireles dos Santos,,2016,Santos TM. Parecerista de projetos de iniciação científica da FACEPE. 2016.,Com produção,Assessoria e consultoria,,,,,,1,,Produção Técnica docente 2026_06.xlsx,Santos TM. Parecerista de projetos de iniciação científica da FACEPE. 2016.
230,Tony Meireles dos Santos,,2017,Santos TM. Parecerista de projetos de iniciação científica da FACEPE. 2017.,Com produção,Assessoria e consultoria,,,,,,1,,Produção Técnica docente 2026_06.xlsx,Santos TM. Parecerista de projetos de iniciação científica da FACEPE. 2017.
231,Tony Meireles dos Santos,,2018,Santos TM. Parecerista de projetos de iniciação científica da FACEPE. 2018.,Com produção,Assessoria e consultoria,,,,,,1,,Produção Técnica docente 2026_06.xlsx,Santos TM. Parecerista de projetos de iniciação científica da FACEPE. 2018.
232,Tony Meireles dos Santos,,2019,Santos TM. Parecerista de projetos de iniciação científica da FACEPE. 2019.,Com produção,Assessoria e consultoria,,,,,,1,,Produção Técnica docente 2026_06.xlsx,Santos TM. Parecerista de projetos de iniciação científica da FACEPE. 2019.
233,Tony Meireles dos Santos,,2015,Santos TM. Parecerista de projetos de iniciação científica da PROPESQ / CNPQ / UFPE. 2015.,Com produção,Assessoria e consultoria,,,,,,1,,Produção Técnica docente 2026_06.xlsx,Santos TM. Parecerista de projetos de iniciação científica da PROPESQ / CNPQ / UFPE. 2015.
234,Tony Meireles dos Santos,,2016,Santos TM. Parecerista de projetos de iniciação científica da PROPESQ / CNPQ / UFPE. 2016.,Com produção,Assessoria e consultoria,,,,,,1,,Produção Técnica docente 2026_06.xlsx,Santos TM. Parecerista de projetos de iniciação científica da PROPESQ / CNPQ / UFPE. 2016.
235,Tony Meireles dos Santos,,2017,Santos TM. Parecerista de projetos de iniciação científica da PROPESQ / CNPQ / UFPE. 2017.,Com produção,Assessoria e consultoria,,,,,,1,,Produção Técnica docente 2026_06.xlsx,Santos TM. Parecerista de projetos de iniciação científica da PROPESQ / CNPQ / UFPE. 2017.
236,Tony Meireles dos Santos,,2018,Santos TM. Parecerista de projetos de iniciação científica da PROPESQ / CNPQ / UFPE. 2018.,Com produção,Assessoria e consultoria,,,,,,1,,Produção Técnica docente 2026_06.xlsx,Santos TM. Parecerista de projetos de iniciação científica da PROPESQ / CNPQ / UFPE. 2018.
237,Tony Meireles dos Santos,,2019,Santos TM. Parecerista de projetos de iniciação científica da PROPESQ / CNPQ / UFPE. 2019.,Com produção,Assessoria e consultoria,,,,,,1,,Produção Técnica docente 2026_06.xlsx,Santos TM. Parecerista de projetos de iniciação científica da PROPESQ / CNPQ / UFPE. 2019.
238,Tony Meireles dos Santos,,2013,"Santos TM. Parecerista de trabalhos acadêmicos do VII Congresso Nacional de Educação Física, Saúde e Cultura Corporal. 2013.",Com produção,Trabalhos técnicos,,,,,,1,,Produção Técnica docente 2026_06.xlsx,"Santos TM. Parecerista de trabalhos acadêmicos do VII Congresso Nacional de Educação Física, Saúde e Cultura Corporal. 2013."
239,Tony Meireles dos Santos,,2014,Santos TM. Programa Institucional de Bolsas de Iniciação Cientifica (2014/2015). 2014. (Processo Seletivo).,Com produção,Demais tipos,Processo Seletivo,,,,,1,,Produção Técnica docente 2026_06.xlsx,Santos TM. Programa Institucional de Bolsas de Iniciação Cientifica (2014/2015). 2014. (Processo Seletivo).
240,Tony Meireles dos Santos,,2016,Santos TM. Programa Institucional de Bolsas de Iniciação Científica (2016/2017). 2016. (Processo Seletivo).,Com produção,Demais tipos,Processo Seletivo,,,,,1,,Produção Técnica docente 2026_06.xlsx,Santos TM. Programa Institucional de Bolsas de Iniciação Científica (2016/2017). 2016. (Processo Seletivo).
241,Tony Meireles dos Santos,,2017,Santos TM. Programa Institucional de Bolsas de Iniciação Científica (2017/2018). 2017. (Processo Seletivo).,Com produção,Demais tipos,Processo Seletivo,,,,,1,,Produção Técnica docente 2026_06.xlsx,Santos TM. Programa Institucional de Bolsas de Iniciação Científica (2017/2018). 2017. (Processo Seletivo).
242,Tony Meireles dos Santos,,2023,Santos TM. Repositório de experiências didáticas para o ensino do surfe. 2023.,Com produção,Processos ou técnicas,,,,,,1,,Produção Técnica docente 2026_06.xlsx,Santos TM. Repositório de experiências didáticas para o ensino do surfe. 2023.
243,Tony Meireles dos Santos,,2024,Santos TM. Repositório para o planejamento de sessões de condicionamento físico orientadas ao surf. 2024.,Com produção,Processos ou técnicas,,,,,,1,,Produção Técnica docente 2026_06.xlsx,Santos TM. Repositório para o planejamento de sessões de condicionamento físico orientadas ao surf. 2024.
244,Tony Meireles dos Santos,,2024,Santos TM. Repositório para o planejamento de sessões de condicionamento físico orientadas ao surf. 2024.,Com produção,Processos ou técnicas,,,,,,1,,Produção Técnica docente 2026_06.xlsx,Santos TM. Repositório para o planejamento de sessões de condicionamento físico orientadas ao surf. 2024.
245,Tony Meireles dos Santos,,2011,Santos TM. Reunião de Coordenadores de Programas de Pós-Graduação da Área de Educação Física (Área 21). 2011. (Reunião).,Com produção,Demais tipos,Reunião,,,,,1,,Produção Técnica docente 2026_06.xlsx,Santos TM. Reunião de Coordenadores de Programas de Pós-Graduação da Área de Educação Física (Área 21). 2011. (Reunião).
246,Tony Meireles dos Santos,,2014,Santos TM. Treinamento esportivo: aspectos biológicos e metodológicos. 2014. (Programa de rádio ou TV/Comentário).,Com produção,Entrevistas,Programa de rádio ou TV/Comentário,,,,,1,,Produção Técnica docente 2026_06.xlsx,Santos TM. Treinamento esportivo: aspectos biológicos e metodológicos. 2014. (Programa de rádio ou TV/Comentário).
247,Tony Meireles dos Santos,,2013,"Santos TM. VII Congresso Nacional de Educação Física, Saúde e Cultura Corporal e do III Congresso Internacional de Educação Física, Saúde e Cultura Corporal. 2013. (Congresso).",Com produção,Demais tipos,Congresso,,,,,1,,Produção Técnica docente 2026_06.xlsx,"Santos TM. VII Congresso Nacional de Educação Física, Saúde e Cultura Corporal e do III Congresso Internacional de Educação Física, Saúde e Cultura Corporal. 2013. (Congresso)."
248,Tony Meireles dos Santos,,2013,"Santos TM. VII Congresso Nacional de Educação, Saúde e Cultura Corporal e do III Congresso de Educação Física, Saúde e Cultura Corporal. 2013. (Congresso).",Com produção,Demais tipos,Congresso,,,,,1,,Produção Técnica docente 2026_06.xlsx,"Santos TM. VII Congresso Nacional de Educação, Saúde e Cultura Corporal e do III Congresso de Educação Física, Saúde e Cultura Corporal. 2013. (Congresso)."
249,Tony Meireles dos Santos,,2015,Santos TM; Damasceno VO ; Costa AS ; Ferreira DKS ; Fonseca RMC ; Carvalho PRC . APCN Programa de Pós-Graduação em Educação Física - UFPE. 2015. (Desenvolvimento de material didático ou instrucional - Projetopedagógicodecursodenívelsuperior).,Com produção,Demais tipos,Desenvolvimento de material didático ou instrucional - Projetopedagógicodecursodenívelsuperior,,,,,1,,Produção Técnica docente 2026_06.xlsx,Santos TM; Damasceno VO ; Costa AS ; Ferreira DKS ; Fonseca RMC ; Carvalho PRC . APCN Programa de Pós-Graduação em Educação Física - UFPE. 2015. (Desenvolvimento de material didático ou instrucional - Projetopedagógicodecursodenívelsuperior).
250,Tony Meireles dos Santos,,2016,"Santos TM; Damasceno VO ; Costa AS ; Ferreira DKS ; FORTES, L. S. . Relatório do Coleta CAPES pela Plataforma Sucupira - Ano Base 2016. 2017.",Com produção,Trabalhos técnicos,,,,,,1,,Produção Técnica docente 2026_06.xlsx,"Santos TM; Damasceno VO ; Costa AS ; Ferreira DKS ; FORTES, L. S. . Relatório do Coleta CAPES pela Plataforma Sucupira - Ano Base 2016. 2017."
251,Tony Meireles dos Santos,,2020,"Santos TM; Damasceno VO ; EZ CAMPOS ; Ferreira DKS ; Costa AS ; HARDMAN , CM . Competence App. 2020; Tema: Prescrição de exercícios. (Site).",Com produção,Redes sociais,Site,,,,,1,,Produção Técnica docente 2026_06.xlsx,"Santos TM; Damasceno VO ; EZ CAMPOS ; Ferreira DKS ; Costa AS ; HARDMAN , CM . Competence App. 2020; Tema: Prescrição de exercícios. (Site)."
252,Tony Meireles dos Santos,,2017,"Santos TM; EZ CAMPOS ; Damasceno VO ; HARDMAN , CM ; OLIVEIRA, I. A. . Relatório do Coleta CAPES pela Plataforma Sucupira - Ano Base 2017. 2018.",Com produção,Trabalhos técnicos,,,,,,1,,Produção Técnica docente 2026_06.xlsx,"Santos TM; EZ CAMPOS ; Damasceno VO ; HARDMAN , CM ; OLIVEIRA, I. A. . Relatório do Coleta CAPES pela Plataforma Sucupira - Ano Base 2017. 2018."
253,Lucas Eduardo Rodrigues dos Santos,,2023,"SANTOS, L. E. R.. Comissão de ato normativo. 2023.",Com produção,Assessoria e consultoria,,,,,,1,,Produção Técnica docente 2026_06.xlsx,"SANTOS, L. E. R.. Comissão de ato normativo. 2023."
254,Lucas Eduardo Rodrigues dos Santos,,2018,"SANTOS, L. E. R.. Comissão de preenchimento do Sucupira 2018/2019. 2019.",Com produção,Assessoria e consultoria,,,,,,1,,Produção Técnica docente 2026_06.xlsx,"SANTOS, L. E. R.. Comissão de preenchimento do Sucupira 2018/2019. 2019."
255,Lucas Eduardo Rodrigues dos Santos,,2023,"SANTOS, L. E. R.. Incorporação de competências acadêmicas para fomação Stricto Sensu dos profissionais do PAC do Recife - Jornada 01, em parceria com o Programa de PósGraduação em Educação Física da Universidade Federal de Pernambuco (PPGEFUFPE). 2023. .",Com produção,Demais tipos,,,,,,1,,Produção Técnica docente 2026_06.xlsx,"SANTOS, L. E. R.. Incorporação de competências acadêmicas para fomação Stricto Sensu dos profissionais do PAC do Recife - Jornada 01, em parceria com o Programa de PósGraduação em Educação Física da Universidade Federal de Pernambuco (PPGEFUFPE). 2023. ."
256,Lucas Eduardo Rodrigues dos Santos,,2024,"SANTOS, L. E. R.. Núcleo Docente Estruturante 2024.1. 2024.",Com produção,Assessoria e consultoria,,,,,,1,,Produção Técnica docente 2026_06.xlsx,"SANTOS, L. E. R.. Núcleo Docente Estruturante 2024.1. 2024."
257,Lucas Eduardo Rodrigues dos Santos,,2024,"SANTOS, L. E. R.. Núcleo Docente Estruturante 2024.2. 2024.",Com produção,Assessoria e consultoria,,,,,,1,,Produção Técnica docente 2026_06.xlsx,"SANTOS, L. E. R.. Núcleo Docente Estruturante 2024.2. 2024."
258,Lucas Eduardo Rodrigues dos Santos,,2023,"SANTOS, L. E. R.. Programa de Extensão Tecnológica - PET da FACEPE intitulado UTILIZAÇÃO DA INTELIGÊNCIA ARTIFICIAL ATRAVÉS DE UM SISTEMA ESPECIALISTA PARA A TOMADA DE DECISÃO NO ENFRENTAMENTO AO SEDENTARISMO. 2023. (Curso de curta duração ministrado/Extensão).",Com produção,Demais tipos,Curso de curta duração ministrado/Extensão,,,,,1,,Produção Técnica docente 2026_06.xlsx,"SANTOS, L. E. R.. Programa de Extensão Tecnológica - PET da FACEPE intitulado UTILIZAÇÃO DA INTELIGÊNCIA ARTIFICIAL ATRAVÉS DE UM SISTEMA ESPECIALISTA PARA A TOMADA DE DECISÃO NO ENFRENTAMENTO AO SEDENTARISMO. 2023. (Curso de curta duração ministrado/Extensão)."
259,Tony Meireles dos Santos,,2020,"SANTOS, TONY M.. Parecerista de projetos de iniciação científica da PROPESQ / CNPQ / UFPE. 2020.",Com produção,Assessoria e consultoria,,,,,,1,,Produção Técnica docente 2026_06.xlsx,"SANTOS, TONY M.. Parecerista de projetos de iniciação científica da PROPESQ / CNPQ / UFPE. 2020."
260,Tony Meireles dos Santos,,2025,"SANTOS, TONY M.; HENRIQUE, S. R. ; EZ CAMPOS . Parecer para o credenciamento e recredenciamento docente do PPGEF. 2025. (Reunião).",Com produção,Demais tipos,Reunião,,,,,1,,Produção Técnica docente 2026_06.xlsx,"SANTOS, TONY M.; HENRIQUE, S. R. ; EZ CAMPOS . Parecer para o credenciamento e recredenciamento docente do PPGEF. 2025. (Reunião)."
261,Tony Meireles dos Santos,,2006,"SANTOS, TONY MEIRELES DOS. ATC - Aerobic Training Card - Palm. 2006.",Com produção,Produtos tecnológicos,,,,,,1,,Produção Técnica docente 2026_06.xlsx,"SANTOS, TONY MEIRELES DOS. ATC - Aerobic Training Card - Palm. 2006."
262,Tony Meireles dos Santos,,2006,"SANTOS, TONY MEIRELES DOS. ATC - Aerobic Training Concept. 2006.",Com produção,Programas de computador sem registro,,,,,,1,,Produção Técnica docente 2026_06.xlsx,"SANTOS, TONY MEIRELES DOS. ATC - Aerobic Training Concept. 2006."
263,Tony Meireles dos Santos,,2010,"SANTOS, TONY MEIRELES DOS. Ato Normativo Interno 02.2010 - Estabelece os critérios para concessão, renovação e suspensão de bolsas de estudo de Mestrado concedidas pelo PPGEF-UGF. 2010.",Com produção,Processos ou técnicas,,,,,,1,,Produção Técnica docente 2026_06.xlsx,"SANTOS, TONY MEIRELES DOS. Ato Normativo Interno 02.2010 - Estabelece os critérios para concessão, renovação e suspensão de bolsas de estudo de Mestrado concedidas pelo PPGEF-UGF. 2010."
264,Tony Meireles dos Santos,,2010,"SANTOS, TONY MEIRELES DOS. Critério decisório para ordenação de autores de produtos acadêmicos e científicos. 2010.",Com produção,Programas de computador sem registro,,,,,,1,,Produção Técnica docente 2026_06.xlsx,"SANTOS, TONY MEIRELES DOS. Critério decisório para ordenação de autores de produtos acadêmicos e científicos. 2010."
265,Tony Meireles dos Santos,,2006,"SANTOS, TONY MEIRELES DOS. Estratégia de estratificação de risco para centros de atividade física. 2006.",Com produção,Processos ou técnicas,,,,,,1,,Produção Técnica docente 2026_06.xlsx,"SANTOS, TONY MEIRELES DOS. Estratégia de estratificação de risco para centros de atividade física. 2006."
266,Tony Meireles dos Santos,,2003,"SANTOS, TONY MEIRELES DOS. Fitness Coach. 2003.",Com produção,Programas de computador sem registro,,,,,,1,,Produção Técnica docente 2026_06.xlsx,"SANTOS, TONY MEIRELES DOS. Fitness Coach. 2003."
267,Tony Meireles dos Santos,,2017,"SANTOS, TONY MEIRELES DOS. PARECER AD HOC - Periódico 'Perceptual and Motor skills'.. 2017.",Com produção,Trabalhos técnicos,,,,,,1,,Produção Técnica docente 2026_06.xlsx,"SANTOS, TONY MEIRELES DOS. PARECER AD HOC - Periódico 'Perceptual and Motor skills'.. 2017."
268,Tony Meireles dos Santos,,2017,"SANTOS, TONY MEIRELES DOS. PARECER AD HOC - Periódico 'Perceptual and Motor Skills'.. 2017.",Com produção,Trabalhos técnicos,,,,,,1,,Produção Técnica docente 2026_06.xlsx,"SANTOS, TONY MEIRELES DOS. PARECER AD HOC - Periódico 'Perceptual and Motor Skills'.. 2017."
269,Tony Meireles dos Santos,,2011,"SANTOS, TONY MEIRELES DOS. Parecer de trabalhos submetidos ao Congresso Brasileiro de Ciências do Esporte (CONBRACE). 2011.",Com produção,Trabalhos técnicos,,,,,,1,,Produção Técnica docente 2026_06.xlsx,"SANTOS, TONY MEIRELES DOS. Parecer de trabalhos submetidos ao Congresso Brasileiro de Ciências do Esporte (CONBRACE). 2011."
270,Tony Meireles dos Santos,,2013,"SANTOS, TONY MEIRELES DOS. Programas de PG da Área 21. 2013; Tema: Educação, Pesquisa. (Rede social).",Com produção,Redes sociais,Rede social,,,,,1,,Produção Técnica docente 2026_06.xlsx,"SANTOS, TONY MEIRELES DOS. Programas de PG da Área 21. 2013; Tema: Educação, Pesquisa. (Rede social)."
271,Tony Meireles dos Santos,,2006,"SANTOS, TONY MEIRELES DOS. Projeto Político-pedagógico do Curso de Educação Física da Universidade Presidente Antônio Carlos - Barbacena. 2006. (Desenvolvimento de material didático ou instrucional - Projeto pedagógico de curso de nível superior).",Com produção,Demais tipos,Desenvolvimento de material didático ou instrucional - Projeto pedagógico de curso de nível superior,,,,,1,,Produção Técnica docente 2026_06.xlsx,"SANTOS, TONY MEIRELES DOS. Projeto Político-pedagógico do Curso de Educação Física da Universidade Presidente Antônio Carlos - Barbacena. 2006. (Desenvolvimento de material didático ou instrucional - Projeto pedagógico de curso de nível superior)."
272,Tony Meireles dos Santos,,2001,"SANTOS, TONY MEIRELES DOS. Rate Card. 2001.",Com produção,Produtos tecnológicos,,,,,,1,,Produção Técnica docente 2026_06.xlsx,"SANTOS, TONY MEIRELES DOS. Rate Card. 2001."
273,Tony Meireles dos Santos,,2008,"SANTOS, TONY MEIRELES DOS. Web ATC - Aerobic Training Concep para Web. 2008.",Com produção,Programas de computador sem registro,,,,,,1,,Produção Técnica docente 2026_06.xlsx,"SANTOS, TONY MEIRELES DOS. Web ATC - Aerobic Training Concep para Web. 2008."
274,Tony Meireles dos Santos,,2011,"SANTOS, TONY MEIRELES DOS; Costa LC . II Seminário de Diagnóstico do Esporte. 2011.",Com produção,Assessoria e consultoria,,,,,,1,,Produção Técnica docente 2026_06.xlsx,"SANTOS, TONY MEIRELES DOS; Costa LC . II Seminário de Diagnóstico do Esporte. 2011."
275,Tony Meireles dos Santos,,1993,"SANTOS, TONY MEIRELES DOS; Meirelles RMC . MUSCU - Sistema de musculação. 1993.",Com produção,Programas de computador sem registro,,,,,,1,,Produção Técnica docente 2026_06.xlsx,"SANTOS, TONY MEIRELES DOS; Meirelles RMC . MUSCU - Sistema de musculação. 1993."
276,Tony Meireles dos Santos,,1991,"SANTOS, TONY MEIRELES DOS; Meirelles RMC . SAP - Sistema de Avaliação Pessoal. 1991.",Com produção,Programas de computador sem registro,,,,,,1,,Produção Técnica docente 2026_06.xlsx,"SANTOS, TONY MEIRELES DOS; Meirelles RMC . SAP - Sistema de Avaliação Pessoal. 1991."
277,Tony Meireles dos Santos,,2000,"SANTOS, TONY MEIRELES DOS; Mello RM . MUSCU - Sistema de Musculação. 2000.",Com produção,Programas de computador sem registro,,,,,,1,,Produção Técnica docente 2026_06.xlsx,"SANTOS, TONY MEIRELES DOS; Mello RM . MUSCU - Sistema de Musculação. 2000."
278,Tony Meireles dos Santos,,1997,"SANTOS, TONY MEIRELES DOS; Mello RM . SAP2 - Sistema de Avaliação Pessoal. 1997.",Com produção,Programas de computador sem registro,,,,,,1,,Produção Técnica docente 2026_06.xlsx,"SANTOS, TONY MEIRELES DOS; Mello RM . SAP2 - Sistema de Avaliação Pessoal. 1997."
279,Tony Meireles dos Santos,,2000,"SANTOS, TONY MEIRELES DOS; Miyamoto GA . Rotina de monitoramento de pressão arterial em exercícios. 2000.",Com produção,Processos ou técnicas,,,,,,1,,Produção Técnica docente 2026_06.xlsx,"SANTOS, TONY MEIRELES DOS; Miyamoto GA . Rotina de monitoramento de pressão arterial em exercícios. 2000."
280,Tony Meireles dos Santos,,2010,"SANTOS, TONY MEIRELES DOS; Oliveira BRR . Rede social do Programa de Pós Graduação em Educação Física da Universidade Gama Filho. 2010. (Desenvolvimento de material didático ou instrucional - Rede social na internet).",Com produção,Demais tipos,Desenvolvimento de material didático ou instrucional - Rede social na internet,,,,,1,,Produção Técnica docente 2026_06.xlsx,"SANTOS, TONY MEIRELES DOS; Oliveira BRR . Rede social do Programa de Pós Graduação em Educação Física da Universidade Gama Filho. 2010. (Desenvolvimento de material didático ou instrucional - Rede social na internet)."
281,Tony Meireles dos Santos,,2017,"SANTOS, TONY MEIRELES. PARECER AD HOC - Periódico 'British Journal of Sports Medicine'. 2017.",Com produção,Trabalhos técnicos,,,,,,1,,Produção Técnica docente 2026_06.xlsx,"SANTOS, TONY MEIRELES. PARECER AD HOC - Periódico 'British Journal of Sports Medicine'. 2017."
282,Tony Meireles dos Santos,,2017,"SANTOS, TONY MEIRELES. PARECER AD HOC - Periódico 'International Journal of Sports Physiology and Performance'. 2017.",Com produção,Trabalhos técnicos,,,,,,1,,Produção Técnica docente 2026_06.xlsx,"SANTOS, TONY MEIRELES. PARECER AD HOC - Periódico 'International Journal of Sports Physiology and Performance'. 2017."
283,Tony Meireles dos Santos,,2017,"SANTOS, TONY MEIRELES. PARECER AD HOC - Periódico 'PLOS ONE'. 2017.",Com produção,Trabalhos técnicos,,,,,,1,,Produção Técnica docente 2026_06.xlsx,"SANTOS, TONY MEIRELES. PARECER AD HOC - Periódico 'PLOS ONE'. 2017."
284,Tony Meireles dos Santos,,2023,"Santos, Tony Meirelles dos. Modelo sUrFPE de letramento para o surfe. 2023. (Desenvolvimento de material didático ou instrucional - MapadeCompetências).",Com produção,Demais tipos,Desenvolvimento de material didático ou instrucional - MapadeCompetências,,,,,1,,Produção Técnica docente 2026_06.xlsx,"Santos, Tony Meirelles dos. Modelo sUrFPE de letramento para o surfe. 2023. (Desenvolvimento de material didático ou instrucional - MapadeCompetências)."
285,Tony Meireles dos Santos,,2023,"Santos, Tony Meirelles dos; Nascimento AJ ; Anastácio WL ; Souto Maior EM ; BARRETO NETO, A. C. S. ; VIEIRA, C. B. ; PIRES, L. T. M. ; SANTOS, L. E. R. ; DAMASCENO, V. O. . Competence App. 2023.",Com produção,Programas de computador sem registro,,,,,,1,,Produção Técnica docente 2026_06.xlsx,"Santos, Tony Meirelles dos; Nascimento AJ ; Anastácio WL ; Souto Maior EM ; BARRETO NETO, A. C. S. ; VIEIRA, C. B. ; PIRES, L. T. M. ; SANTOS, L. E. R. ; DAMASCENO, V. O. . Competence App. 2023."
286,Guilherme Assunção Ferreira,,2019,"SILVA JUNIOR, E. V. ; SILVA, L. A. B. C. ; SILVA, R. A. M. ; PRAZERES, T. M. P. ; FERREIRA, G. A. . Projeto Pedagógico do Curso de Bacharelado em Educação Física da Faculdade Alpha. 2019.",Com produção,Assessoria e consultoria,,,,,,1,,Produção Técnica docente 2026_06.xlsx,"SILVA JUNIOR, E. V. ; SILVA, L. A. B. C. ; SILVA, R. A. M. ; PRAZERES, T. M. P. ; FERREIRA, G. A. . Projeto Pedagógico do Curso de Bacharelado em Educação Física da Faculdade Alpha. 2019."
287,Tony Meireles dos Santos,,2018,Silva MJCE ; Soares AJG ; Santos TM ; Damasceno VO . PROTOCOLO DE OBSERVAÇÃO DE AULA (POA) PARA O ENSINO ESPORTIVO: VALIDADE E CONFIABILIDADE. 2018.,Com produção,Processos ou técnicas,,,,,,1,,Produção Técnica docente 2026_06.xlsx,Silva MJCE ; Soares AJG ; Santos TM ; Damasceno VO . PROTOCOLO DE OBSERVAÇÃO DE AULA (POA) PARA O ENSINO ESPORTIVO: VALIDADE E CONFIABILIDADE. 2018.
288,Tony Meireles dos Santos,,2017,Soares AJG ; Vieria JLL ; Cardoso MS ; Santos TM ; Damasceno VO . Relatório do Modelo de Avaliação dos Impactos e Processos do Programa Segundo Tempo. 2017.,Com produção,Processos ou técnicas,,,,,,1,,Produção Técnica docente 2026_06.xlsx,Soares AJG ; Vieria JLL ; Cardoso MS ; Santos TM ; Damasceno VO . Relatório do Modelo de Avaliação dos Impactos e Processos do Programa Segundo Tempo. 2017.
289,Tony Meireles dos Santos,,2015,Soares AJG ; Santos TM . Membro da Equipe de Avaliação Pedagógica do Programa Segundo Tempo - Ministério do Esporte. 2015.,Com produção,Assessoria e consultoria,,,,,,1,,Produção Técnica docente 2026_06.xlsx,Soares AJG ; Santos TM . Membro da Equipe de Avaliação Pedagógica do Programa Segundo Tempo - Ministério do Esporte. 2015.
290,Pedro Pinheiro Paes,,2012,"SOUZA, E. F. ; PAES, P. P. ; COSTA, A. S. . Programa Cabeça de Área. 2012.",Com produção,Entrevistas,,,,,,1,,Produção Técnica docente 2026_06.xlsx,"SOUZA, E. F. ; PAES, P. P. ; COSTA, A. S. . Programa Cabeça de Área. 2012."
291,Daniel da Rocha Queiroz,,2025,"SOUZA, P. H. B. ; FEITOSA, S. B. ; LIMA, J. P. P. ; SALES, B. B. M. C. ; GOMES, L. M. ; WANDERLEY JUNIOR, R. S. ; BARROS, M. V. G. ; QUEIROZ, D. R. ; HARDMAN, C. M. . TRILHA DO MOVIMENTO: UM JOGO EDUCATIVO FUNDAMENTADO NAS RECOMENDAÇÕES DE ATIVIDADE FÍSICA PARA CRIANÇAS E JOVENS. 2025. (Desenvolvimento de material didático ou instrucional - JogoEducativo).",Com produção,Demais tipos,Desenvolvimento de material didático ou instrucional - JogoEducativo,,,,,1,,Produção Técnica docente 2026_06.xlsx,"SOUZA, P. H. B. ; FEITOSA, S. B. ; LIMA, J. P. P. ; SALES, B. B. M. C. ; GOMES, L. M. ; WANDERLEY JUNIOR, R. S. ; BARROS, M. V. G. ; QUEIROZ, D. R. ; HARDMAN, C. M. . TRILHA DO MOVIMENTO: UM JOGO EDUCATIVO FUNDAMENTADO NAS RECOMENDAÇÕES DE ATIVIDADE FÍSICA PARA CRIANÇAS E JOVENS. 2025. (Desenvolvimento de material didático ou instrucional - JogoEducativo)."
292,Ozeas de Lima Lins Filho,,2023,"TOMASI, C. R. M. C. ; RIBEIRO, J. N. S. ; LYRA, M. J. ; LINS-FILHO, ODL. . Manual do Tutor 2023.2 Curso: Educação Física 1° período. 2023. (Desenvolvimento de material didático ou instrucional - Manual técnico).",Com produção,Demais tipos,Desenvolvimento de material didático ou instrucional - Manual técnico,,,,,1,,Produção Técnica docente 2026_06.xlsx,"TOMASI, C. R. M. C. ; RIBEIRO, J. N. S. ; LYRA, M. J. ; LINS-FILHO, ODL. . Manual do Tutor 2023.2 Curso: Educação Física 1° período. 2023. (Desenvolvimento de material didático ou instrucional - Manual técnico)."
293,Ozeas de Lima Lins Filho,,2023,"TOMASI, C. R. M. C. ; RIBEIRO, J. N. S. ; LYRA, M. J. ; LINS-FILHO, ODL. . Manual do Tutor 2023.2 Curso: Educação Física 2° período. 2023. (Desenvolvimento de material didático ou instrucional - Manual técnico).",Com produção,Demais tipos,Desenvolvimento de material didático ou instrucional - Manual técnico,,,,,1,,Produção Técnica docente 2026_06.xlsx,"TOMASI, C. R. M. C. ; RIBEIRO, J. N. S. ; LYRA, M. J. ; LINS-FILHO, ODL. . Manual do Tutor 2023.2 Curso: Educação Física 2° período. 2023. (Desenvolvimento de material didático ou instrucional - Manual técnico)."
294,Ozeas de Lima Lins Filho,,2023,"TOMASI, C. R. M. C. ; RIBEIRO, J. N. S. ; LYRA, M. J. ; LINS-FILHO, ODL. . Manual do Tutor 2023.2 Curso: Educação Física 3° período. 2023. (Desenvolvimento de material didático ou instrucional - Manual técnico).",Com produção,Demais tipos,Desenvolvimento de material didático ou instrucional - Manual técnico,,,,,1,,Produção Técnica docente 2026_06.xlsx,"TOMASI, C. R. M. C. ; RIBEIRO, J. N. S. ; LYRA, M. J. ; LINS-FILHO, ODL. . Manual do Tutor 2023.2 Curso: Educação Física 3° período. 2023. (Desenvolvimento de material didático ou instrucional - Manual técnico)."
295,Tony Meireles dos Santos,,2011,"Villoria GEM ; Carvalho LGGC ; SANTOS, TONY MEIRELES DOS . Perecer da Comissão para Implementação da Cultura do Empreendedorismo Sustentável na UGF. 2011. (Desenvolvimento de material didático ou instrucional - Parecer Institucional).",Com produção,Demais tipos,Desenvolvimento de material didático ou instrucional - Parecer Institucional,,,,,1,,Produção Técnica docente 2026_06.xlsx,"Villoria GEM ; Carvalho LGGC ; SANTOS, TONY MEIRELES DOS . Perecer da Comissão para Implementação da Cultura do Empreendedorismo Sustentável na UGF. 2011. (Desenvolvimento de material didático ou instrucional - Parecer Institucional)."
